Person.id|Organisation.id|eid_generated|workFrom
933|1226|738511|2013
933|1227|738512|2013
933|1230|738513|2013
6597069767117|819|738514|2007
6597069767117|820|738515|2007
6597069767117|822|738516|2008
6597069767117|823|738517|2007
21990232556027|10|738518|2008
21990232556027|11|738519|2008
26388279066636|296|738520|2009
26388279066636|298|738521|2010
28587302322727|1461|738522|2003
28587302322727|1497|738523|2003
2199023256181|761|738524|2012
2199023256181|553|738525|2008
4398046511870|936|738526|2009
4398046511870|923|738527|2009
4398046511870|911|738528|2010
6597069766983|838|738529|2005
19791209300372|452|738530|2007
19791209300372|484|738531|2007
19791209300372|488|738532|2008
26388279067350|915|738533|2009
26388279067350|916|738534|2009
26388279067350|935|738535|2009
26388279067350|936|738536|2009
26388279067350|908|738537|2009
28587302322873|337|738538|2001
28587302322873|341|738539|2000
28587302322873|344|738540|2000
8796093023143|1297|738541|2008
8796093023143|1300|738542|2008
8796093023143|1301|738543|2009
13194139533850|107|738544|2004
13194139533850|108|738545|2004
13194139533850|109|738546|2004
17592186044504|915|738547|2009
17592186044504|923|738548|2001
17592186044504|927|738549|2003
19791209300058|1558|738550|2003
19791209300058|1559|738551|2003
28587302322741|145|738552|1998
28587302322741|182|738553|1999
28587302322741|135|738554|1999
28587302322741|185|738555|2000
32985348833558|481|738556|2009
32985348833558|454|738557|2009
32985348833558|455|738558|2008
32985348833558|456|738559|2009
6597069766961|864|738560|2004
6597069766961|865|738561|2003
6597069766961|866|738562|2004
8796093022641|723|738563|2005
8796093022641|1559|738564|2005
8796093022641|1560|738565|2006
8796093022641|1561|738566|2005
8796093023138|1013|738567|2000
8796093023138|1021|738568|2002
8796093023138|1022|738569|1998
15393162789410|1073|738570|2005
15393162789410|1058|738571|2009
15393162789410|1087|738572|2007
21990232555940|936|738573|2001
21990232555940|283|738574|2000
24189255811398|1011|738575|2005
24189255811398|265|738576|2004
24189255811398|286|738577|2005
24189255811398|271|738578|2006
28587302322686|296|738579|2005
28587302322686|297|738580|2005
28587302322686|298|738581|2004
32985348833849|944|738582|2003
32985348833849|948|738583|2002
32985348833849|942|738584|2003
4398046511463|179|738585|2001
4398046511463|138|738586|2001
4398046511463|157|738587|2000
6597069766695|1093|738588|2007
6597069766695|1095|738589|2007
6597069766695|1047|738590|2007
6597069766695|1083|738591|2007
6597069767625|1557|738592|1999
6597069767625|1560|738593|2001
6597069767625|1561|738594|2001
8796093022467|259|738595|2010
8796093022467|887|738596|2011
8796093022467|888|738597|2011
8796093022467|889|738598|2010
13194139533332|776|738599|2011
13194139533589|352|738600|2001
13194139533589|363|738601|2002
13194139533589|364|738602|2010
13194139533589|349|738603|2005
24189255811694|770|738604|2006
24189255811694|761|738605|2006
24189255811694|765|738606|2007
24189255811694|766|738607|2007
30786325577960|659|738608|2001
30786325577960|646|738609|2000
30786325577960|647|738610|1999
30786325577960|636|738611|1999
32985348834262|33|738612|2002
32985348834262|24|738613|2001
32985348834262|26|738614|2002
32985348834262|28|738615|2000
32985348834262|524|738616|2002
65|758|738617|2008
2199023255981|1088|738618|2005
2199023255981|1041|738619|2009
2199023256530|195|738620|2005
2199023256530|201|738621|2005
2199023256530|202|738622|2007
2199023256530|204|738623|2005
15393162789569|1323|738624|2010
15393162789569|1324|738625|2010
19791209300474|1558|738626|2001
19791209300739|912|738627|2008
19791209300739|931|738628|2009
19791209300739|935|738629|2008
21990232556180|1296|738630|2004
21990232556180|1299|738631|2005
21990232556180|1302|738632|2005
21990232556180|1338|738633|2005
28587302322281|544|738634|2010
28587302322281|538|738635|2007
28587302322281|862|738636|2006
28587302322281|542|738637|2008
32985348833679|1175|738638|2008
32985348833679|1177|738639|2008
32985348833686|864|738640|2005
32985348833686|147|738641|2005
32985348833686|181|738642|2004
32985348833686|150|738643|2004
8796093022290|706|738644|2003
8796093022290|810|738645|2003
8796093022290|811|738646|2003
8796093022290|812|738647|2004
15393162789560|542|738648|2011
17592186044568|927|738649|2009
19791209300796|139|738650|1998
19791209300796|156|738651|1998
19791209300796|175|738652|2000
2199023255747|548|738653|2008
2199023255747|1238|738654|2007
2199023255747|552|738655|2006
2199023255747|554|738656|2006
13194139533648|544|738657|2001
13194139533648|546|738658|2002
13194139533648|548|738659|2002
13194139533912|461|738660|2008
28587302322718|399|738661|2005
30786325578724|680|738662|2002
30786325578724|670|738663|2010
2199023256405|544|738664|2008
2199023256405|545|738665|2006
2199023256405|553|738666|2007
10995116278292|450|738667|2011
21990232555627|708|738668|2000
21990232555627|712|738669|2012
21990232555627|697|738670|2002
21990232555627|713|738671|2011
28587302322627|961|738672|2009
28587302322627|965|738673|2008
28587302322627|968|738674|2010
28587302322627|955|738675|2008
28587302322627|956|738676|2009
893|914|738677|2008
893|916|738678|2009
893|907|738679|2009
893|924|738680|2009
893|909|738681|2008
6597069767495|967|738682|2012
6597069767495|952|738683|2012
10995116277924|468|738684|2002
10995116277924|470|738685|2000
10995116277924|479|738686|2002
19791209300852|918|738687|2012
19791209300852|934|738688|2010
19791209300852|938|738689|2011
19791209300852|911|738690|2008
21990232555895|81|738691|2002
21990232555895|1122|738692|2002
21990232555895|1557|738693|2002
21990232555895|1561|738694|2002
21990232556476|948|738695|2012
21990232556476|940|738696|2010
21990232556476|943|738697|2011
32985348833559|1561|738698|2009
10995116278281|594|738699|2004
10995116278281|601|738700|2004
10995116278453|1513|738701|2009
10995116278453|1499|738702|2008
10995116278453|1534|738703|2008
15393162789349|1349|738704|2008
15393162789349|1350|738705|2011
15393162789349|1340|738706|2012
15393162789349|1342|738707|2008
15393162789349|1327|738708|2009
19791209300631|550|738709|2004
19791209300631|542|738710|2005
30786325578056|1321|738711|2006
30786325578056|1322|738712|2009
30786325578056|1325|738713|2004
4398046511628|1013|738714|2004
4398046511628|1021|738715|2004
13194139533792|957|738716|2007
13194139534257|146|738717|2008
19791209300124|1378|738718|2004
19791209300124|1351|738719|2004
19791209300124|1369|738720|2004
19791209300124|1356|738721|2005
24189255811862|323|738722|2005
24189255811862|310|738723|2006
24189255811862|312|738724|2006
24189255811862|313|738725|2006
30786325578144|810|738726|2000
30786325578144|812|738727|2000
30786325578144|813|738728|1999
2199023255869|864|738729|2002
2199023255869|866|738730|2001
2199023255869|771|738731|2002
8796093022386|770|738732|2009
13194139533523|502|738733|2007
13194139533523|214|738734|2009
15393162788865|496|738735|2008
15393162788865|514|738736|2007
15393162788865|293|738737|2008
17592186044605|931|738738|2009
17592186044605|919|738739|2008
17592186044605|906|738740|2009
17592186044605|1117|738741|2009
17592186044605|685|738742|2008
24189255811103|448|738743|2003
24189255811103|459|738744|2002
24189255811103|462|738745|2002
24189255811719|966|738746|2008
24189255811719|399|738747|2007
24189255811782|1|738748|2007
24189255811782|1001|738749|2007
24189255811782|1002|738750|2008
26388279066717|21|738751|2008
26388279066717|30|738752|2007
26388279066717|31|738753|2008
28587302323020|128|738754|2010
28587302323020|1560|738755|2011
28587302323020|1561|738756|2010
2199023256300|195|738757|2012
2199023256300|196|738758|2004
2199023256300|198|738759|2002
2199023256300|200|738760|2005
2199023256300|201|738761|1999
8796093022392|1559|738762|2001
8796093022392|1560|738763|2001
8796093022392|1561|738764|2002
10995116278554|912|738765|2012
10995116278554|935|738766|2010
10995116278554|921|738767|2009
10995116278554|922|738768|2008
10995116278570|932|738769|2004
10995116278570|917|738770|2004
10995116278570|936|738771|2007
10995116278570|937|738772|2003
10995116278570|905|738773|2010
17592186045074|546|738774|2008
17592186045074|553|738775|2009
21990232556497|1176|738776|1999
30786325578670|965|738777|2008
30786325578670|951|738778|2008
30786325578670|956|738779|2008
2199023256363|962|738780|2000
2199023256363|949|738781|2000
2199023256363|967|738782|1999
2199023256363|958|738783|1999
4398046511937|880|738784|2000
4398046511937|811|738785|2000
4398046511937|813|738786|1999
6597069766725|676|738787|2000
6597069766725|677|738788|2000
6597069766725|680|738789|2002
6597069766725|668|738790|2001
10995116277820|482|738791|2010
10995116278238|1096|738792|2010
10995116278238|1085|738793|2009
17592186045360|470|738794|2002
17592186045360|463|738795|2001
24189255811654|964|738796|2006
24189255811654|953|738797|2000
24189255811654|955|738798|2005
24189255811940|538|738799|2001
28587302322372|532|738800|2003
28587302322372|534|738801|2003
28587302322372|535|738802|2002
32985348834019|893|738803|2007
32985348834019|895|738804|2005
2199023255660|1106|738805|2009
2199023255660|824|738806|2000
2199023255660|827|738807|2005
8796093022634|339|738808|2008
8796093022634|967|738809|2008
8796093022634|952|738810|2007
8796093022634|958|738811|2007
15393162789262|684|738812|2003
10995116278300|930|738813|1998
10995116278300|907|738814|1998
15393162789746|600|738815|2009
17592186044864|912|738816|2003
17592186044864|925|738817|2004
21990232555889|919|738818|2008
24189255811086|593|738819|2002
24189255811086|1011|738820|2002
24189255811086|598|738821|2004
24189255811086|605|738822|2003
512|912|738823|2005
512|929|738824|2005
512|935|738825|2004
26388279067512|546|738826|2001
26388279067512|551|738827|2000
26388279067512|554|738828|2002
26388279067512|539|738829|2000
26388279067512|541|738830|2000
28587302322515|7|738831|2002
28587302322515|10|738832|2001
32985348833314|22|738833|2009
32985348833314|31|738834|2007
407|964|738835|2004
407|966|738836|2006
407|959|738837|2005
2199023255637|928|738838|2009
2199023255637|913|738839|2008
2199023255637|924|738840|2009
2199023255637|813|738841|2008
4398046511152|832|738842|2011
4398046511152|842|738843|2007
4398046511152|829|738844|2009
6597069767067|591|738845|2009
6597069767377|549|738846|2003
6597069767377|541|738847|2003
21990232556166|549|738848|2012
21990232556166|552|738849|2011
21990232556166|542|738850|2011
24189255811234|7|738851|2006
26388279067147|592|738852|2007
26388279067147|597|738853|2007
28587302322809|936|738854|2000
28587302322809|923|738855|1999
28587302322809|925|738856|1998
28587302322809|926|738857|2000
4398046511884|573|738858|2007
19791209300151|676|738859|2012
19791209300151|680|738860|2007
19791209300151|681|738861|2011
19791209300151|685|738862|2012
19791209300151|671|738863|2012
32985348833887|914|738864|2006
32985348833887|934|738865|2005
32985348833887|909|738866|2006
987|864|738867|2005
987|865|738868|2004
4398046511467|369|738869|2007
6597069766938|758|738870|2007
8796093022368|955|738871|2008
8796093022368|956|738872|2007
8796093022368|958|738873|2007
19791209300787|944|738874|2006
19791209300787|948|738875|2010
24189255811817|544|738876|2008
24189255811817|554|738877|2009
24189255811817|541|738878|2007
24189255811817|543|738879|2008
32985348833931|2|738880|2002
32985348833931|4|738881|2003
32985348833931|5|738882|2003
32985348833931|6|738883|2002
465|930|738884|1999
465|932|738885|1998
10995116278730|898|738886|2002
10995116278730|931|738887|2001
13194139533817|897|738888|2001
13194139533817|888|738889|2010
13194139533817|894|738890|2010
15393162789401|726|738891|2009
15393162789401|727|738892|2009
15393162789401|717|738893|2010
19791209299993|624|738894|2006
19791209299993|642|738895|2006
19791209299993|630|738896|2006
19791209299993|621|738897|2007
19791209299993|622|738898|2007
24189255811455|961|738899|2010
24189255811455|965|738900|2011
24189255811455|953|738901|2008
24189255811455|957|738902|2010
26388279067532|1298|738903|2009
32985348834013|861|738904|2002
32985348834013|862|738905|2001
8796093022647|721|738906|2003
8796093022647|722|738907|2002
8796093022647|725|738908|2003
8796093022647|717|738909|2002
8796093022909|729|738910|2005
15393162789112|1217|738911|2003
15393162789112|1191|738912|2002
15393162789112|1225|738913|2004
17592186045005|904|738914|2007
17592186045005|333|738915|2007
19791209300143|912|738916|2009
21990232556491|914|738917|2007
21990232556491|937|738918|2007
21990232556491|923|738919|2008
21990232556491|927|738920|2008
24189255811746|1297|738921|1999
24189255811746|1298|738922|1999
24189255811746|1299|738923|1998
26388279066738|1557|738924|2011
26388279066738|1561|738925|2011
26388279066989|916|738926|2003
26388279066989|919|738927|2004
26388279066989|937|738928|2004
28587302322553|1313|738929|2005
28587302322553|1303|738930|2005
28587302322565|801|738931|2008
28587302322565|778|738932|2008
28587302322565|781|738933|2007
318|758|738934|2008
318|1118|738935|2009
2199023255558|930|738936|2005
2199023255558|936|738937|2006
2199023255558|921|738938|2006
2199023255558|923|738939|2007
4398046511734|145|738940|2011
4398046511734|146|738941|2010
4398046511734|181|738942|2005
4398046511734|137|738943|2007
4398046511734|155|738944|2011
4398046511962|534|738945|2011
4398046511962|537|738946|2011
15393162789489|829|738947|2004
21990232555586|544|738948|2001
21990232555586|552|738949|2001
21990232555586|553|738950|1999
24189255811155|1089|738951|2005
24189255811155|1057|738952|2004
24189255811155|1098|738953|2005
24189255811155|1101|738954|2005
238|1345|738955|2005
238|1327|738956|2004
238|1343|738957|2003
2199023256277|1233|738958|2007
2199023256277|1234|738959|2007
2199023256277|767|738960|2006
6597069766693|914|738961|2011
6597069766693|915|738962|2004
6597069766693|937|738963|2006
6597069766846|6|738964|1999
8796093022325|114|738965|2007
8796093022325|118|738966|2006
8796093022325|111|738967|2005
10995116278031|474|738968|2002
10995116278234|548|738969|2002
13194139534185|407|738970|2010
15393162788922|766|738971|2007
21990232555934|552|738972|2004
21990232555934|540|738973|2004
24189255811099|980|738974|2008
2199023256298|402|738975|2009
2199023256298|116|738976|2006
2199023256298|104|738977|2005
2199023256298|315|738978|2003
2199023256298|830|738979|2003
8796093022938|539|738980|2007
8796093022938|540|738981|2006
10995116278264|549|738982|2002
10995116278320|1321|738983|1999
10995116278320|1322|738984|2001
10995116278320|1324|738985|2002
10995116278320|717|738986|2011
19791209300463|912|738987|2010
19791209300463|932|738988|2012
19791209300463|909|738989|2011
19791209300463|927|738990|2011
24189255811315|1335|738991|2002
24189255811315|1341|738992|2000
24189255811315|1326|738993|2003
28587302322250|538|738994|2006
28587302322250|554|738995|2006
28587302322250|541|738996|2006
28587302322250|543|738997|2007
4398046511779|1562|738998|1999
4398046511779|1565|738999|2000
4398046511779|1566|739000|2000
13194139533584|546|739001|2007
13194139533584|547|739002|2007
13194139533584|550|739003|2007
13194139534279|962|739004|2010
13194139534279|950|739005|2010
19791209300882|989|739006|2009
28587302322247|1117|739007|2002
28587302322247|1118|739008|2002
6597069767061|930|739009|2003
13194139533505|937|739010|2010
17592186044868|916|739011|2003
17592186044868|936|739012|2004
17592186044868|922|739013|2004
21990232556482|935|739014|2011
21990232556482|910|739015|2009
24189255811254|1349|739016|2008
24189255811254|1327|739017|2009
32985348833548|1570|739018|2001
32985348833548|710|739019|2001
6597069766659|1056|739020|2004
6597069766659|1075|739021|2004
6597069766659|1034|739022|2004
6597069766659|1070|739023|2003
17592186044857|908|739024|2009
32985348833865|935|739025|2009
32985348833865|920|739026|2012
32985348833865|927|739027|2012
32985348833890|1568|739028|2003
32985348833890|773|739029|2004
32985348833890|56|739030|2004
32985348833890|1567|739031|2003
32985348834053|1491|739032|2005
32985348834053|1463|739033|2009
32985348834053|1464|739034|2008
32985348834053|1531|739035|2006
2199023256437|486|739036|2002
2199023256437|459|739037|2003
2199023256437|445|739038|2002
4398046511424|1477|739039|2007
4398046511424|1518|739040|2009
8796093023133|32|739041|2003
8796093023133|27|739042|2002
10995116277765|1139|739043|2009
10995116277765|597|739044|2009
10995116277765|814|739045|2010
21990232556010|545|739046|2002
21990232556010|553|739047|2003
21990232556010|542|739048|2002
21990232556299|568|739049|2008
21990232556299|571|739050|2009
21990232556299|555|739051|2002
21990232556299|557|739052|2011
21990232556299|575|739053|2009
26388279067358|932|739054|2004
26388279067551|548|739055|2001
26388279067551|549|739056|2002
35184372089323|177|739057|2010
35184372089323|179|739058|2009
35184372089323|164|739059|2008
35184372089323|138|739060|2009
35184372089323|157|739061|2008
4398046511587|53|739062|2011
4398046511587|57|739063|2011
4398046511587|45|739064|2011
4398046511587|78|739065|2010
6597069767415|1568|739066|2007
6597069767415|933|739067|2008
13194139533834|548|739068|2002
13194139533834|553|739069|2004
13194139533834|540|739070|2002
15393162789604|574|739071|2012
21990232555611|1177|739072|2003
28587302322294|426|739073|2001
28587302322294|413|739074|2001
30786325577752|917|739075|2009
30786325577752|919|739076|2012
30786325577752|937|739077|2005
30786325577752|938|739078|1999
30786325577752|906|739079|2005
30786325578617|961|739080|2004
30786325578617|956|739081|2004
976|551|739082|2009
2199023256236|931|739083|2008
2199023256236|927|739084|2009
6597069766733|465|739085|2006
13194139533391|984|739086|2000
13194139533391|985|739087|2001
19791209300178|928|739088|2006
19791209300178|918|739089|2005
19791209300178|920|739090|2005
19791209300178|924|739091|2004
24189255811227|1117|739092|2010
24189255811227|1118|739093|2010
24189255812053|1026|739094|2010
24189255812053|341|739095|2006
24189255812053|890|739096|2012
26388279066936|928|739097|2006
26388279066936|913|739098|2006
26388279066936|918|739099|2005
26388279066936|921|739100|2007
26388279066936|926|739101|2005
2199023256427|546|739102|2003
8796093022983|928|739103|2003
8796093022983|906|739104|2004
8796093022983|925|739105|2004
15393162789228|1145|739106|2010
15393162789228|1163|739107|2011
19791209300595|888|739108|2000
26388279067560|980|739109|1999
26388279067560|758|739110|2000
2199023256031|257|739111|2009
2199023256031|259|739112|2009
2199023256031|903|739113|2011
4398046511757|1316|739114|2002
6597069766678|671|739115|2006
6597069766944|597|739116|2001
6597069766944|599|739117|2001
6597069766944|604|739118|2001
6597069766944|591|739119|2002
10995116278142|206|739120|2002
17592186044551|544|739121|2005
17592186044551|546|739122|2006
17592186044551|539|739123|2005
17592186044551|543|739124|2005
21990232555851|352|739125|2010
21990232555851|353|739126|2010
21990232555851|365|739127|2010
28587302322760|273|739128|2005
28587302322760|1029|739129|2006
28587302322760|1095|739130|2006
28587302322760|1055|739131|2006
454|482|739132|2008
6597069766821|547|739133|2011
6597069766821|539|739134|2010
8796093022611|914|739135|2004
8796093022611|937|739136|2005
8796093022611|922|739137|2005
8796093022611|911|739138|2005
15393162789514|546|739139|2001
15393162789514|550|739140|2002
15393162789514|551|739141|2001
15393162789514|542|739142|2002
24189255811574|259|739143|2010
24189255811574|254|739144|2009
35184372089375|306|739145|2005
35184372089375|299|739146|2005
35184372089375|300|739147|2004
35184372089375|303|739148|2004
94|544|739149|2001
94|553|739150|2000
94|543|739151|2001
2199023255922|545|739152|2006
2199023255922|547|739153|2006
2199023255922|552|739154|2006
4398046511596|912|739155|2008
4398046511596|935|739156|2008
4398046511596|907|739157|2012
8796093022661|544|739158|2007
8796093022661|548|739159|2005
8796093022661|551|739160|2008
8796093022887|1297|739161|2005
8796093022887|914|739162|2005
8796093022887|915|739163|2005
8796093022887|925|739164|2006
15393162789219|723|739165|2007
15393162789219|724|739166|2008
15393162789219|717|739167|2008
15393162789219|718|739168|2008
17592186044425|103|739169|2005
19791209299984|971|739170|2008
24189255811381|1228|739171|2004
24189255811677|1233|739172|2003
24189255811677|836|739173|2003
24189255811677|1081|739174|2003
24189255811677|841|739175|2003
24189255811677|843|739176|2003
26388279067047|706|739177|2003
26388279067047|709|739178|2004
26388279067047|712|739179|2004
26388279067047|699|739180|2004
26388279067047|702|739181|2003
28587302322631|1143|739182|2004
28587302322631|1163|739183|2005
32985348834107|129|739184|2012
8796093022410|1174|739185|2007
8796093022410|1175|739186|2007
8796093022410|1177|739187|2006
8796093022928|917|739188|2010
8796093022928|910|739189|2011
8796093022928|911|739190|2011
10995116278291|464|739191|2005
17592186045096|959|739192|2004
26388279066869|1001|739193|2003
30786325578057|1296|739194|2001
30786325578057|1297|739195|2001
30786325578057|1298|739196|2001
30786325578057|1300|739197|2001
30786325578676|306|739198|2003
30786325578676|1004|739199|2003
30786325578676|300|739200|2003
30786325578676|302|739201|2004
32985348833313|134|739202|2003
32985348833313|8|739203|2004
32985348833313|11|739204|2002
2199023256388|178|739205|2009
2199023256388|179|739206|2008
2199023256388|170|739207|2009
4398046511684|1324|739208|2009
8796093022963|1329|739209|2010
8796093022963|915|739210|2005
8796093022963|919|739211|2007
8796093022963|925|739212|2006
17592186045093|896|739213|2005
17592186045093|895|739214|2005
17592186045382|305|739215|2009
17592186045382|1562|739216|2010
19791209300004|549|739217|2006
24189255811358|893|739218|2010
24189255811358|895|739219|2003
24189255811643|209|739220|2010
24189255811643|207|739221|2010
26388279066791|547|739222|2001
26388279066791|549|739223|2006
26388279066791|539|739224|2001
26388279066791|1133|739225|2003
32985348833995|545|739226|2008
32985348833995|553|739227|2009
32985348833995|554|739228|2009
459|825|739229|2005
459|827|739230|2005
2199023255663|909|739231|2006
8796093022665|1040|739232|2007
8796093022665|1106|739233|2012
8796093022665|1084|739234|2006
8796093022665|1036|739235|2012
19791209300851|933|739236|2002
21990232556472|888|739237|2009
21990232556472|889|739238|2008
21990232556472|893|739239|2009
26388279067585|1016|739240|2005
26388279067585|1018|739241|2006
30786325578513|824|739242|2009
30786325578513|826|739243|2008
2199023255936|101|739244|2012
2199023255936|104|739245|2001
2199023255936|105|739246|2011
10995116278396|887|739247|2002
10995116278396|936|739248|2003
10995116278396|907|739249|2003
15393162788906|9|739250|2012
15393162788906|11|739251|2004
19791209300081|544|739252|2003
19791209300081|538|739253|2003
19791209300081|541|739254|2002
21990232555683|368|739255|2010
21990232555683|355|739256|2006
21990232555683|357|739257|2008
21990232555683|358|739258|2007
21990232555683|367|739259|2011
250|552|739260|2002
250|553|739261|2003
6597069767184|768|739262|2010
6597069767184|785|739263|2010
6597069767184|786|739264|2009
6597069767184|787|739265|2010
6597069767184|804|739266|2009
8796093022445|935|739267|2002
8796093022445|905|739268|2002
8796093022445|906|739269|2002
8796093022445|923|739270|2002
8796093023000|907|739271|2007
8796093023000|924|739272|2009
10995116277907|543|739273|2004
19791209300443|1104|739274|2000
19791209300443|1072|739275|2005
19791209300443|1048|739276|2009
26388279067472|450|739277|2007
26388279067472|454|739278|2008
26388279067472|442|739279|2007
26388279067472|475|739280|2007
26388279067478|912|739281|2007
26388279067478|914|739282|2007
26388279067478|911|739283|2007
28587302322753|864|739284|2007
28587302322753|865|739285|2007
28587302322753|866|739286|2008
28587302323054|993|739287|2004
28587302323054|986|739288|2003
2199023255855|196|739289|2008
8796093022582|176|739290|2004
19791209300483|897|739291|1999
19791209300483|887|739292|1999
19791209300483|894|739293|2001
19791209300483|895|739294|2001
21990232555834|966|739295|2002
24189255811275|920|739296|2005
24189255811275|924|739297|2005
24189255811275|925|739298|2005
28587302322286|1475|739299|2008
28587302322286|1476|739300|2007
28587302322286|1512|739301|2009
28587302322286|1480|739302|2008
28587302322286|1498|739303|2008
30786325578088|544|739304|2004
30786325578088|547|739305|2003
30786325578088|539|739306|2004
30786325578088|541|739307|2003
8796093022749|562|739308|2008
8796093022749|566|739309|2011
8796093022749|570|739310|2009
8796093022749|555|739311|2009
8796093022749|572|739312|2010
8796093022789|272|739313|2011
8796093022789|909|739314|2012
13194139533984|832|739315|2009
13194139533984|835|739316|2000
13194139533984|838|739317|2006
13194139533984|842|739318|2001
13194139533984|829|739319|2002
13194139534154|546|739320|2011
13194139534154|550|739321|2008
13194139534154|539|739322|2004
15393162789529|551|739323|2011
15393162789529|552|739324|2011
15393162789529|554|739325|2012
19791209300405|1017|739326|2002
19791209300405|1019|739327|2002
19791209300405|1021|739328|2001
28587302323035|546|739329|2007
28587302323035|552|739330|2007
28587302323035|543|739331|2008
30786325578292|570|739332|2004
30786325578525|924|739333|2010
32985348834092|1013|739334|2008
32985348834092|1017|739335|2007
32985348834092|1020|739336|2006
32985348834092|1021|739337|2007
32985348834092|1022|739338|2008
6597069767013|1557|739339|2011
6597069767013|1558|739340|2011
6597069767013|1559|739341|2010
6597069767013|1561|739342|2011
6597069767300|960|739343|2009
6597069767300|963|739344|2010
6597069767300|964|739345|2008
6597069767300|968|739346|2009
6597069767300|959|739347|2009
21990232556141|1557|739348|2002
21990232556141|1558|739349|2002
26388279066868|1552|739350|2000
26388279066868|1547|739351|2000
26388279066868|1548|739352|2001
28587302322499|758|739353|2006
13194139534191|930|739354|2007
13194139534191|915|739355|2007
13194139534191|932|739356|2006
13194139534191|728|739357|2006
13194139534191|909|739358|2007
15393162789696|1509|739359|2005
15393162789696|1493|739360|2004
15393162789696|1525|739361|2004
15393162789696|1483|739362|2006
15393162789696|1454|739363|2005
30786325577992|1255|739364|2007
30786325577992|1261|739365|2007
30786325578060|924|739366|2007
2199023255953|484|739367|2003
6597069767464|554|739368|2006
6597069767464|539|739369|2008
6597069767464|540|739370|2009
8796093022541|498|739371|2008
8796093022541|515|739372|2008
8796093022541|508|739373|2008
8796093022541|509|739374|2008
8796093022541|494|739375|2009
10995116278652|545|739376|2007
10995116278652|550|739377|2008
10995116278652|552|739378|2007
10995116278652|554|739379|2008
10995116278652|542|739380|2008
15393162789850|1561|739381|2007
17592186044686|355|739382|2000
17592186044686|364|739383|2001
24189255811707|916|739384|2006
24189255811707|934|739385|2004
24189255811707|936|739386|2004
24189255811707|921|739387|2005
26388279067183|547|739388|2006
26388279067183|550|739389|2007
26388279067183|540|739390|2007
30786325577774|802|739391|2010
30786325577774|781|739392|2010
2199023256472|27|739393|2006
13194139534141|1299|739394|2003
13194139534141|1302|739395|2008
15393162788893|934|739396|2006
15393162788893|911|739397|2005
26388279066664|166|739398|2007
26388279066664|156|739399|2007
6597069767433|1573|739400|2001
17592186045334|1296|739401|2007
17592186045334|1297|739402|2007
17592186045334|1299|739403|2005
17592186045334|1300|739404|2007
19791209300020|676|739405|2003
19791209300020|680|739406|2002
21990232555658|962|739407|2002
21990232555658|953|739408|2001
21990232555658|730|739409|2002
21990232555658|959|739410|2002
21990232556469|1557|739411|2007
21990232556469|1559|739412|2007
21990232556469|1560|739413|2008
21990232556469|399|739414|2008
267|560|739415|2005
2199023256097|455|739416|2009
4398046511700|368|739417|1999
4398046511700|352|739418|2010
4398046511700|359|739419|2001
4398046511700|348|739420|2006
4398046511700|367|739421|2005
6597069767226|546|739422|2005
6597069767226|553|739423|2004
6597069767226|541|739424|2005
10995116277995|561|739425|2006
10995116277995|577|739426|2008
10995116277995|587|739427|2007
10995116277995|556|739428|2007
13194139533366|259|739429|2007
13194139533366|553|739430|2011
13194139533653|550|739431|2004
13194139533653|539|739432|2005
13194139533653|540|739433|2004
15393162789699|554|739434|2007
15393162789699|539|739435|2006
15393162789699|541|739436|2006
19791209300479|864|739437|2007
19791209300479|932|739438|2006
19791209300479|925|739439|2006
30786325578194|538|739440|2011
32985348834174|1381|739441|2008
32985348834174|1355|739442|2007
32985348834174|1388|739443|2007
32985348834174|1357|739444|2007
2199023255685|705|739445|2008
4398046511822|929|739446|2005
4398046511822|541|739447|2005
4398046511822|910|739448|2006
8796093023034|183|739449|2011
8796093023034|137|739450|2011
10995116277882|553|739451|2004
10995116277882|538|739452|2004
15393162789081|625|739453|2003
15393162789081|630|739454|2004
15393162789081|651|739455|2004
15393162789081|620|739456|2005
15393162789162|1377|739457|2004
15393162789162|820|739458|2004
15393162789162|4|739459|2004
17592186044691|913|739460|2007
17592186044691|922|739461|2007
17592186044691|925|739462|2006
19791209300326|257|739463|2000
19791209300326|260|739464|2001
28587302322527|677|739465|2004
28587302322527|666|739466|2004
28587302322527|667|739467|2004
939|945|739468|2007
939|947|739469|2007
939|948|739470|2008
939|943|739471|2007
4398046512002|929|739472|2007
4398046512002|916|739473|2008
4398046512002|919|739474|2008
4398046512002|906|739475|2007
26388279067086|0|739476|2009
26388279067086|1|739477|2008
26388279067086|3|739478|1999
32985348833315|896|739479|2011
32985348833315|897|739480|2010
32985348833315|364|739481|2011
32985348833315|895|739482|2010
2199023256456|544|739483|2010
2199023256456|552|739484|2010
2199023256456|553|739485|2010
2199023256456|543|739486|2010
4398046511117|1331|739487|2010
4398046511117|1348|739488|2011
4398046511117|1326|739489|2006
6597069767551|933|739490|2011
6597069767551|926|739491|2009
6597069767620|547|739492|2002
6597069767620|540|739493|2000
6597069767620|542|739494|2002
13194139533433|1383|739495|2006
13194139533859|992|739496|2003
13194139533859|993|739497|2001
13194139533859|990|739498|2002
19791209299986|1153|739499|2002
19791209299986|1166|739500|2002
19791209299986|1151|739501|2003
24189255812045|809|739502|2006
24189255812045|810|739503|2006
24189255812045|811|739504|2007
24189255812045|813|739505|2006
28587302322288|544|739506|2006
28587302322288|548|739507|2005
28587302322288|540|739508|2006
28587302322288|543|739509|2007
28587302322763|914|739510|2012
28587302322763|933|739511|2013
28587302322763|917|739512|2012
28587302322763|936|739513|2014
28587302322763|922|739514|2012
30786325578455|984|739515|2010
2199023255760|1567|739516|2000
15393162789214|864|739517|2008
15393162789214|865|739518|2007
28587302322256|892|739519|2003
619|467|739520|2004
619|444|739521|2003
619|463|739522|2003
4398046511667|546|739523|2004
4398046511667|552|739524|2004
4398046511667|539|739525|2004
4398046511667|543|739526|2004
10995116278033|9|739527|2012
10995116278033|10|739528|2004
10995116278033|11|739529|2000
15393162789174|805|739530|2008
15393162789653|810|739531|2000
15393162789653|811|739532|2001
15393162789653|812|739533|2000
15393162789653|813|739534|2001
19791209300068|23|739535|2005
19791209300068|24|739536|2006
19791209300068|27|739537|2006
19791209300507|108|739538|2001
24189255812006|539|739539|2009
30786325577834|149|739540|2011
30786325577834|136|739541|2010
30786325577834|140|739542|2011
30786325577980|1157|739543|2004
30786325577980|1158|739544|2003
30786325577980|1149|739545|2003
668|428|739546|2004
2199023256178|674|739547|2002
2199023256178|679|739548|2001
2199023256452|34|739549|2002
2199023256452|36|739550|2001
2199023256452|37|739551|2001
2199023256452|56|739552|2001
4398046511763|307|739553|1999
4398046511763|299|739554|2000
4398046511763|302|739555|2000
4398046511763|303|739556|2001
10995116278350|4|739557|2006
10995116278350|5|739558|2004
15393162788965|483|739559|2005
15393162788965|452|739560|2005
15393162788965|453|739561|2005
15393162788965|461|739562|2005
15393162789614|608|739563|2010
17592186044731|819|739564|2004
17592186044731|822|739565|2006
17592186044731|823|739566|2004
24189255811776|887|739567|2001
26388279067498|1415|739568|2005
26388279067498|1402|739569|2004
26388279067498|1436|739570|2004
26388279067498|1438|739571|2005
26388279067534|144|739572|2010
26388279067534|179|739573|2009
26388279067534|148|739574|2011
26388279067534|903|739575|2010
26388279067534|183|739576|2011
28587302322689|400|739577|2011
28587302322689|1227|739578|2011
28587302322689|399|739579|2010
2199023256233|296|739580|2003
2199023256233|297|739581|2003
2199023256233|298|739582|2003
6597069767575|369|739583|2009
6597069767575|354|739584|2006
6597069767575|358|739585|2012
13194139533331|1569|739586|2008
13194139533331|1573|739587|2008
13194139533331|1574|739588|2008
15393162789760|1559|739589|2000
15393162789760|1561|739590|2000
15393162789760|491|739591|2001
21990232555801|930|739592|2006
21990232555801|910|739593|2004
24189255811887|931|739594|2007
24189255811887|915|739595|2003
24189255811887|921|739596|2001
24189255811922|549|739597|2009
24189255811922|1261|739598|2010
32985348834171|1313|739599|2007
32985348834171|1314|739600|2007
32985348834171|1316|739601|2006
32985348834171|1317|739602|2007
2199023256077|864|739603|2010
2199023256077|865|739604|2009
2199023256077|866|739605|2009
2199023256536|1002|739606|2004
10995116278757|922|739607|2005
10995116278757|906|739608|2005
10995116278757|925|739609|2005
19791209300324|447|739610|2009
26388279067618|548|739611|2003
26388279067618|551|739612|2003
28587302322471|528|739613|2005
28587302322471|525|739614|2006
28587302322471|526|739615|2006
28587302322471|527|739616|2006
30786325577859|673|739617|2003
30786325578258|1235|739618|2010
143|498|739619|2004
15393162789010|760|739620|2007
15393162789010|764|739621|2006
17592186044459|546|739622|2005
17592186044732|1559|739623|2003
17592186044732|1561|739624|2003
17592186044732|346|739625|2003
19791209300831|513|739626|2009
19791209300831|502|739627|2009
19791209300831|491|739628|2009
19791209300831|494|739629|2010
30786325578029|168|739630|2005
30786325578029|137|739631|2005
30786325578029|141|739632|2010
2199023256347|549|739633|2003
2199023256347|539|739634|2004
6597069767572|896|739635|2007
6597069767572|855|739636|2008
6597069767572|887|739637|2007
6597069767572|890|739638|2007
6597069767572|894|739639|2008
10995116278184|544|739640|2006
10995116278184|545|739641|2011
15393162789274|135|739642|2000
15393162789274|172|739643|2001
15393162789274|140|739644|2002
17592186044897|806|739645|2012
17592186044897|807|739646|2012
17592186044897|799|739647|2003
26388279066931|758|739648|2005
772|1146|739649|2001
772|1162|739650|2008
772|1166|739651|2006
10995116278636|976|739652|2009
10995116278636|515|739653|2008
17592186045089|1252|739654|2006
19791209300359|450|739655|2011
19791209300359|485|739656|2005
19791209300359|487|739657|2007
19791209300359|460|739658|2009
19791209300359|479|739659|2009
24189255811726|65|739660|2007
24189255811726|51|739661|2007
24189255811726|77|739662|2006
24189255811726|63|739663|2006
30786325578224|1457|739664|2006
30786325578224|1474|739665|2006
30786325578224|1448|739666|2006
30786325578224|1471|739667|2007
30786325578224|1487|739668|2006
32985348833537|1326|739669|2001
2199023256520|1146|739670|2005
2199023256520|906|739671|2005
2199023256520|907|739672|2004
2199023256520|923|739673|2004
2199023256520|911|739674|2004
6597069766870|1308|739675|2004
6597069766870|109|739676|2010
10995116278566|818|739677|2012
10995116278566|819|739678|2012
10995116278566|821|739679|2011
10995116278566|823|739680|2013
10995116278566|108|739681|2013
13194139533344|800|739682|2001
13194139533344|784|739683|2001
13194139533344|808|739684|2003
13194139533344|780|739685|2003
19791209300761|1013|739686|2002
19791209300761|790|739687|2005
19791209300761|1016|739688|2003
30786325578316|1570|739689|2003
32985348833579|483|739690|2010
32985348833579|447|739691|2011
985|550|739692|2010
985|540|739693|2010
19791209300656|964|739694|2007
19791209300656|956|739695|2008
19791209300656|959|739696|2007
19791209300830|111|739697|2006
19791209300839|679|739698|2004
19791209300839|665|739699|2003
19791209300839|1275|739700|2003
19791209300839|669|739701|2002
19791209300839|670|739702|2004
2199023256086|515|739703|2002
6597069767125|1557|739704|2002
6597069767125|728|739705|2002
6597069767125|1561|739706|2001
10995116278269|257|739707|2002
10995116278269|253|739708|2001
13194139533427|1481|739709|2004
13194139533535|544|739710|2008
13194139533535|546|739711|2008
13194139533535|547|739712|2008
13194139533535|551|739713|2006
13194139533535|554|739714|2007
13194139534234|933|739715|2002
13194139534234|936|739716|2001
17592186044991|931|739717|2010
17592186044991|932|739718|2012
17592186044991|923|739719|2009
24189255811876|1457|739720|2005
24189255811876|1500|739721|2005
26388279066764|1393|739722|2006
26388279066764|1429|739723|2005
26388279066764|1419|739724|2004
30786325578485|915|739725|2008
30786325578485|916|739726|2007
30786325578485|918|739727|2008
30786325578485|1275|739728|2006
8796093022438|1557|739729|2001
8796093022574|1568|739730|2001
8796093022574|1567|739731|2001
8796093022765|544|739732|2004
8796093023199|915|739733|2010
8796093023199|927|739734|2009
19791209300845|1531|739735|2008
19791209300845|1517|739736|2007
19791209300845|1501|739737|2007
26388279067066|1001|739738|2006
26388279067066|1002|739739|2005
30786325578362|278|739740|2007
30786325578362|266|739741|2006
30786325578362|270|739742|2006
32985348834064|1361|739743|2008
32985348834064|1379|739744|2009
32985348834064|1369|739745|2010
4398046511712|388|739746|2009
4398046511712|392|739747|2011
26388279067248|547|739748|1999
26388279067248|551|739749|1999
26388279067248|538|739750|2000
26388279067248|845|739751|1998
26388279067248|542|739752|1999
344|1042|739753|2002
344|1060|739754|2002
344|341|739755|2001
344|1036|739756|2003
2199023255987|736|739757|2009
2199023255987|933|739758|2008
2199023255987|938|739759|2008
2199023255987|925|739760|2008
2199023255987|911|739761|2008
21990232556463|1014|739762|2004
21990232556463|1015|739763|2004
21990232556463|1021|739764|2004
28587302322974|928|739765|2007
28587302322974|930|739766|2007
28587302322974|905|739767|2003
28587302322974|922|739768|1999
6597069767347|546|739769|2008
6597069767347|552|739770|2009
6597069767347|554|739771|2009
6597069767347|538|739772|2007
8796093022728|836|739773|2006
8796093022728|843|739774|2006
17592186045028|543|739775|2007
19791209299968|548|739776|2007
19791209299968|551|739777|2005
28587302323139|306|739778|2000
28587302323139|300|739779|2001
28587302323139|301|739780|2001
32985348834066|304|739781|2007
32985348834066|305|739782|2007
32985348834066|306|739783|2007
32985348834066|299|739784|2006
32985348834066|300|739785|2005
941|558|739786|2000
4398046511426|896|739787|2010
4398046511426|895|739788|2010
15393162789346|1490|739789|2007
15393162789346|1526|739790|2006
19791209300562|818|739791|2004
19791209300562|819|739792|2002
19791209300921|833|739793|2005
19791209300921|837|739794|2009
19791209300921|838|739795|2005
24189255811326|144|739796|2009
24189255811326|1571|739797|2004
24189255811326|182|739798|2006
24189255811326|184|739799|2012
26388279067441|1324|739800|2008
26388279067441|1325|739801|2009
30786325578629|177|739802|2009
30786325578629|179|739803|2009
30786325578629|166|739804|2010
30786325578629|183|739805|2008
30786325578629|169|739806|2009
2199023255949|10|739807|2005
13194139533440|553|739808|2002
13194139533440|939|739809|2002
13194139533440|539|739810|2001
13194139533440|540|739811|2002
13194139533440|542|739812|2003
21990232556302|864|739813|2001
21990232556302|1475|739814|2001
21990232556302|1498|739815|2001
21990232556302|1502|739816|2001
26388279066885|1091|739817|2007
26388279066885|1065|739818|2007
26388279066885|1034|739819|2007
28587302322537|1560|739820|2012
28587302322537|1561|739821|2002
6597069766914|1047|739822|2006
6597069766914|1098|739823|2007
6597069766914|1067|739824|2007
6597069766914|1068|739825|2008
6597069767635|323|739826|2008
30786325578600|399|739827|2007
32985348833434|1019|739828|2004
32985348833434|1020|739829|2004
32985348833434|1022|739830|2005
32985348833702|674|739831|2009
32985348833702|679|739832|2008
4398046511747|933|739833|2009
4398046511747|937|739834|2010
6597069767341|1013|739835|2007
6597069767341|1019|739836|2008
6597069767341|1020|739837|2007
8796093022975|818|739838|2005
8796093022975|819|739839|2010
10995116278228|1317|739840|2011
10995116278228|1307|739841|2009
26388279067331|920|739842|2010
26388279067331|938|739843|2010
32985348833834|1165|739844|2012
2199023255725|923|739845|2010
2199023255725|109|739846|2010
2199023255725|927|739847|2010
4398046511246|551|739848|2002
4398046511246|538|739849|2001
4398046511246|540|739850|2003
6597069767375|21|739851|2004
6597069767375|27|739852|2003
8796093022412|482|739853|2005
8796093022412|485|739854|2006
8796093022412|469|739855|2004
8796093022412|472|739856|2005
8796093022412|478|739857|2005
15393162789624|577|739858|2003
15393162789624|561|739859|2003
15393162789624|564|739860|2003
15393162789624|571|739861|2004
15393162789624|572|739862|2003
24189255811079|912|739863|2008
24189255811079|934|739864|2008
24189255811079|924|739865|2007
24189255811079|926|739866|2007
28587302322487|425|739867|2006
28587302322487|413|739868|2011
28587302322487|415|739869|2012
32985348833660|1379|739870|2012
32985348833660|1125|739871|2012
32985348833660|1358|739872|2011
788|1560|739873|2007
788|777|739874|2007
788|1561|739875|2007
8796093022946|1558|739876|2001
8796093022946|1561|739877|2001
17592186044943|32|739878|2005
17592186044943|22|739879|2006
17592186044943|31|739880|2007
21990232555571|708|739881|2009
21990232555686|106|739882|2008
21990232555686|107|739883|2007
21990232555686|108|739884|2008
28587302322524|962|739885|2005
28587302322524|950|739886|2006
28587302322524|951|739887|2005
28587302322524|952|739888|2006
28587302322524|954|739889|2004
28587302322854|967|739890|2003
32985348833438|887|739891|2008
32985348833438|888|739892|2006
32985348833438|892|739893|2006
8796093022435|915|739894|2011
26388279067527|1457|739895|2004
26388279067527|1531|739896|2003
26388279067527|1469|739897|2004
26388279067527|1502|739898|2004
4398046511145|545|739899|2005
4398046511145|553|739900|2006
4398046511145|538|739901|2005
6597069766998|1216|739902|2004
6597069766998|1204|739903|2004
6597069766998|1192|739904|2004
6597069766998|1199|739905|2005
6597069767400|21|739906|2007
6597069767400|25|739907|2006
6597069767400|26|739908|2006
6597069767400|29|739909|2006
13194139533500|466|739910|2008
13194139533500|475|739911|2008
15393162788911|1227|739912|2003
15393162788911|1228|739913|2005
15393162788911|1230|739914|2004
15393162789077|176|739915|2001
15393162789077|161|739916|2001
15393162789077|141|739917|2000
15393162789077|173|739918|2000
26388279067426|1026|739919|2008
26388279067426|1075|739920|2008
26388279067426|1061|739921|2007
26388279067426|1094|739922|2007
26388279067426|1065|739923|2008
26388279067479|672|739924|2007
26388279067479|677|739925|2008
26388279067479|678|739926|2007
26388279067479|679|739927|2008
26388279067479|664|739928|2008
30786325578320|1324|739929|2004
30786325578320|1325|739930|2003
583|918|739931|2010
2199023255940|546|739932|2006
2199023255940|547|739933|2006
2199023255940|551|739934|2005
2199023255940|553|739935|2006
2199023255940|542|739936|2006
8796093022821|296|739937|2005
13194139533927|935|739938|2003
13194139533927|925|739939|2004
15393162789090|1138|739940|2007
15393162789090|1557|739941|2007
15393162789090|1559|739942|2006
15393162789090|1560|739943|2006
17592186045078|400|739944|2012
17592186045078|1573|739945|2003
17592186045078|399|739946|2003
26388279067159|386|739947|2005
26388279067159|388|739948|2005
26388279067159|373|739949|2005
26388279067562|552|739950|2001
2199023256351|919|739951|2004
2199023256351|935|739952|2003
2199023256351|920|739953|2004
2199023256351|921|739954|2004
2199023256351|924|739955|2004
4398046511185|803|739956|2004
13194139533588|418|739957|2012
13194139533588|425|739958|2010
13194139533588|413|739959|2010
17592186045280|1354|739960|2007
17592186045280|1388|739961|2010
17592186045280|1359|739962|2012
21990232556263|440|739963|2002
21990232556263|429|739964|2000
21990232556263|414|739965|2001
30786325578075|915|739966|2004
30786325578075|918|739967|2004
30786325578075|926|739968|2003
6597069767274|554|739969|2000
6597069767274|539|739970|1999
6597069767274|540|739971|2001
6597069767274|541|739972|2001
6597069767432|546|739973|2010
6597069767432|553|739974|2009
6597069767432|542|739975|2009
8796093022449|466|739976|2006
13194139534161|1116|739977|2007
19791209300634|896|739978|2002
19791209300634|891|739979|2003
19791209300634|892|739980|2002
19791209300634|893|739981|2003
21990232555524|1562|739982|2008
21990232555524|1563|739983|2007
21990232555524|1564|739984|2008
28587302322870|809|739985|2003
28587302322870|810|739986|2003
28587302322870|813|739987|2003
30786325577977|810|739988|2000
30786325577977|811|739989|2000
30786325578245|528|739990|2007
30786325578245|529|739991|2006
30786325578245|531|739992|2007
30786325578245|525|739993|2007
32985348833533|443|739994|2007
2199023255562|443|739995|2008
2199023255562|446|739996|2009
2199023255562|463|739997|2009
4398046511672|1125|739998|2008
13194139533606|547|739999|1999
13194139533606|440|740000|2001
13194139533606|538|740001|2000
13194139533606|543|740002|2001
15393162789084|436|740003|2010
15393162789084|421|740004|2010
15393162789084|423|740005|2006
15393162789084|428|740006|2005
15393162789084|430|740007|2008
15393162789204|546|740008|2008
15393162789204|554|740009|2008
21990232556252|903|740010|2005
21990232556252|904|740011|2006
21990232556376|552|740012|2008
21990232556376|554|740013|2007
21990232556376|542|740014|2008
32985348833329|553|740015|2003
2199023255688|1088|740016|2001
2199023255688|1041|740017|2002
2199023255688|1046|740018|2002
2199023255688|1063|740019|2001
17592186044439|1472|740020|2010
17592186044439|1490|740021|2010
17592186044439|1445|740022|2009
17592186044439|1516|740023|2010
17592186044439|1453|740024|2010
19791209300504|1226|740025|2007
19791209300504|1228|740026|2006
24189255812001|278|740027|2005
24189255812001|263|740028|2004
24189255812001|605|740029|2005
24189255812001|575|740030|2005
24189255812047|1|740031|2002
24189255812047|2|740032|2002
24189255812047|3|740033|2003
28587302323136|1058|740034|2008
30786325577784|305|740035|2008
30786325577784|771|740036|2004
30786325577784|299|740037|2006
30786325577784|300|740038|2004
30786325577784|303|740039|2007
2199023256524|1091|740040|2006
2199023256524|1078|740041|2005
2199023256524|1083|740042|2006
6597069766720|286|740043|2003
10995116278525|912|740044|2001
10995116278525|934|740045|2002
19791209300317|206|740046|2008
26388279067108|256|740047|2005
26388279067108|259|740048|2004
26388279067108|252|740049|2004
26388279067108|253|740050|2003
28587302322530|48|740051|2002
28587302322530|35|740052|2002
28587302322530|46|740053|2001
28587302322530|47|740054|2002
28587302322548|810|740055|2010
28587302322548|812|740056|2009
32985348833478|960|740057|2005
32985348833478|952|740058|2006
32985348833478|1067|740059|2006
32985348833478|957|740060|2005
683|180|740061|2008
4398046511180|1176|740062|2012
4398046511180|1178|740063|2011
4398046511180|861|740064|2011
10995116278236|935|740065|2008
10995116278236|924|740066|2006
10995116278308|1140|740067|2006
10995116278308|1173|740068|2005
10995116278308|1145|740069|2005
10995116278308|1163|740070|2004
13194139534270|547|740071|2001
13194139534270|554|740072|2002
13194139534270|539|740073|2002
13194139534270|540|740074|2002
30786325578608|896|740075|2004
30786325578608|888|740076|2005
10995116278223|208|740077|2010
10995116278223|206|740078|2004
15393162789859|935|740079|2004
15393162789859|936|740080|2005
15393162789859|908|740081|2005
15393162789859|927|740082|2006
17592186045229|887|740083|2004
17592186045229|894|740084|2006
24189255811663|1112|740085|2010
24189255811663|399|740086|2010
96|914|740087|2012
96|920|740088|2000
96|937|740089|2009
96|905|740090|2007
96|909|740091|2010
2199023256280|546|740092|2006
2199023256280|540|740093|2005
2199023256280|542|740094|2004
2199023256280|543|740095|2005
8796093022970|544|740096|2008
13194139533469|936|740097|2005
13194139533469|920|740098|2005
13194139533469|729|740099|2006
13194139533469|911|740100|2004
13194139534229|1573|740101|2006
13194139534229|1574|740102|2006
13194139534229|696|740103|2008
15393162789111|306|740104|2009
15393162789111|749|740105|2009
15393162789111|750|740106|2009
15393162789111|751|740107|2009
19791209300091|945|740108|2003
19791209300091|947|740109|2004
19791209300091|940|740110|2004
28587302322552|549|740111|2007
28587302322552|551|740112|2006
28587302322552|554|740113|2005
28587302322552|543|740114|2006
30786325578215|456|740115|2003
30786325578215|457|740116|1999
30786325578215|461|740117|2002
30786325578215|446|740118|1999
30786325578215|430|740119|2008
870|507|740120|2005
932|169|740121|2004
932|185|740122|2004
932|154|740123|2003
2199023256154|964|740124|2004
2199023256154|949|740125|2005
2199023256154|775|740126|2005
2199023256154|968|740127|2004
2199023256154|959|740128|2005
4398046511367|545|740129|2006
4398046511367|547|740130|2008
4398046511367|539|740131|2006
21990232556381|400|740132|2003
24189255811481|545|740133|2010
24189255811481|552|740134|2012
24189255811481|553|740135|2011
24189255811481|540|740136|2011
32985348833467|560|740137|2010
296|579|740138|2008
296|5|740139|2009
296|584|740140|2012
296|568|740141|2009
296|585|740142|2007
2199023256219|1264|740143|2005
2199023256219|1258|740144|2005
4398046511177|938|740145|2004
4398046511177|908|740146|2003
4398046511177|927|740147|2004
10995116278496|758|740148|2001
13194139533493|305|740149|2006
13194139533493|306|740150|2006
13194139533493|301|740151|2005
13194139534143|546|740152|2010
13194139534143|549|740153|2008
13194139534143|1109|740154|2011
13194139534143|539|740155|2009
13194139534143|476|740156|2004
17592186044737|933|740157|2008
17592186044737|935|740158|2009
17592186044737|905|740159|2008
17592186044737|911|740160|2010
17592186045165|707|740161|2004
17592186045165|709|740162|2012
17592186045165|702|740163|2003
17592186045165|703|740164|2009
19791209300579|976|740165|2006
21990232555794|802|740166|2004
30786325577905|801|740167|2005
30786325577905|785|740168|2004
30786325577905|789|740169|2005
30786325577905|806|740170|2005
30786325577905|794|740171|2004
30786325578329|547|740172|2002
30786325578329|69|740173|2009
30786325578329|549|740174|2010
30786325578329|552|740175|2009
30786325578329|541|740176|2004
32985348833378|549|740177|2008
32985348833378|551|740178|2007
32985348833378|552|740179|2008
32985348833378|542|740180|2009
32985348833975|548|740181|2005
32985348833975|549|740182|2004
32985348833975|538|740183|2005
32985348833975|543|740184|2005
768|961|740185|2008
768|595|740186|2008
768|1574|740187|2007
768|575|740188|2008
2199023255798|244|740189|2002
2199023255798|104|740190|2011
2199023255798|238|740191|2006
2199023255798|223|740192|2008
10995116278625|304|740193|2006
10995116278625|305|740194|2007
15393162788866|999|740195|2008
15393162788866|569|740196|2010
15393162788866|555|740197|2009
26388279067054|1508|740198|2010
26388279067054|1460|740199|2011
26388279067054|1495|740200|2010
26388279067054|1117|740201|2011
26388279067054|1453|740202|2010
345|306|740203|2006
345|549|740204|2006
345|299|740205|2006
345|300|740206|2006
345|302|740207|2005
2199023255898|1172|740208|2008
2199023255898|1151|740209|2010
6597069767242|1568|740210|2007
6597069767242|836|740211|2008
10995116278336|106|740212|2002
10995116278412|1001|740213|2009
10995116278412|1002|740214|2011
15393162789815|1172|740215|2005
15393162789815|1140|740216|2007
15393162789815|1145|740217|2007
15393162789815|1146|740218|2005
15393162789815|1164|740219|2011
17592186044729|1029|740220|2003
17592186044994|918|740221|2009
17592186044994|920|740222|2008
17592186044994|921|740223|2010
17592186044994|927|740224|2008
35184372089449|1265|740225|2006
35184372089449|1253|740226|2006
35184372089449|1256|740227|2007
35184372089449|1272|740228|2007
2199023255952|516|740229|2012
2199023255952|494|740230|2012
2199023256008|544|740231|2012
2199023256008|547|740232|2012
2199023256008|550|740233|2013
2199023256008|543|740234|2013
10995116277846|779|740235|2003
10995116277846|796|740236|2004
10995116277846|797|740237|2003
10995116277846|782|740238|2004
10995116277846|783|740239|2003
17592186044808|544|740240|2001
17592186044808|545|740241|2001
17592186044808|548|740242|2001
17592186044865|951|740243|1998
17592186044865|955|740244|2000
24189255811211|1312|740245|2003
24189255811211|817|740246|2003
24189255811211|1158|740247|2002
24189255811211|1147|740248|2002
24189255811211|543|740249|2003
28587302322837|1117|740250|2005
2199023255821|584|740251|2006
2199023255821|569|740252|2005
2199023255821|572|740253|2005
4398046511322|1472|740254|2006
4398046511322|1475|740255|2007
4398046511322|1509|740256|2007
10995116278627|1227|740257|2008
10995116278627|1229|740258|2008
15393162789076|1352|740259|2004
15393162789076|1357|740260|2003
24189255811116|1053|740261|2008
28587302322597|1539|740262|2002
28587302322946|547|740263|2007
28587302322946|548|740264|2009
28587302322946|550|740265|2008
28587302322946|541|740266|2007
4398046511904|1075|740267|2002
4398046511904|1100|740268|2002
4398046511904|1085|740269|2001
4398046511904|1087|740270|2001
6597069767149|1001|740271|2009
8796093023107|1570|740272|2008
8796093023107|1571|740273|2011
10995116278436|808|740274|2008
19791209300153|785|740275|2007
19791209300153|786|740276|2003
19791209300153|787|740277|2008
19791209300153|789|740278|2003
19791209300153|791|740279|2006
24189255811240|593|740280|2000
24189255811240|602|740281|2001
26388279066654|1256|740282|2003
26388279066654|1243|740283|2007
26388279066654|1245|740284|2005
30786325578370|454|740285|2007
30786325578370|461|740286|2005
32985348833796|758|740287|2005
959|1174|740288|2005
959|1177|740289|2005
4398046511332|400|740290|2006
4398046511332|399|740291|2005
6597069767301|59|740292|2012
6597069767359|913|740293|2003
6597069767359|934|740294|2004
6597069767359|250|740295|2003
6597069767359|925|740296|2005
6597069767457|376|740297|2001
8796093022668|466|740298|2011
8796093022668|487|740299|2011
8796093022668|458|740300|2012
24189255811140|897|740301|2009
24189255811140|887|740302|2008
24189255811140|888|740303|2012
24189255811140|890|740304|2011
24189255811140|893|740305|2009
28587302322743|1557|740306|2009
28587302322743|1558|740307|2010
2199023256125|1178|740308|2007
4398046511736|935|740309|2008
4398046511736|911|740310|2008
15393162789687|257|740311|2004
15393162789687|258|740312|2011
15393162789687|259|740313|2003
15393162789687|254|740314|2011
15393162789769|538|740315|2006
17592186045238|1018|740316|2007
17592186045238|1019|740317|2007
17592186045238|1020|740318|2007
17592186045238|1021|740319|2008
19791209300404|1001|740320|2011
4398046511442|574|740321|2007
4398046511753|176|740322|2001
4398046511753|147|740323|2006
4398046511753|180|740324|2005
4398046511753|169|740325|2005
8796093023017|468|740326|2005
8796093023017|470|740327|2005
8796093023017|488|740328|2005
8796093023017|463|740329|2006
8796093023017|735|740330|2004
8796093023094|912|740331|2010
8796093023094|930|740332|2008
8796093023094|919|740333|2007
13194139533770|162|740334|2007
13194139533770|170|740335|2007
13194139533770|171|740336|2007
21990232555803|522|740337|2002
21990232556500|951|740338|2009
21990232556500|968|740339|2009
21990232556500|953|740340|2009
21990232556500|956|740341|2010
26388279067003|916|740342|2004
26388279067003|932|740343|2004
26388279067003|919|740344|2006
26388279067003|920|740345|2005
26388279067003|925|740346|2006
32985348833798|306|740347|2005
32985348833798|307|740348|2004
32985348833798|300|740349|2004
32985348833798|303|740350|2004
6597069766993|830|740351|2005
6597069767407|917|740352|2010
6597069767407|905|740353|2010
10995116278353|481|740354|2010
10995116278353|483|740355|2008
10995116278353|454|740356|2009
10995116278353|489|740357|2011
10995116278353|458|740358|2008
21990232556441|1296|740359|2007
21990232556441|1299|740360|2006
26388279066795|547|740361|2003
32985348833505|978|740362|2005
32985348833505|979|740363|2006
998|257|740364|2006
998|260|740365|2006
998|255|740366|2006
8796093022727|546|740367|2008
8796093022727|550|740368|2007
10995116278224|942|740369|2003
10995116278224|943|740370|2003
17592186044592|658|740371|2006
17592186044592|662|740372|2004
17592186044592|618|740373|2004
17592186044592|623|740374|2005
26388279067574|1172|740375|2008
26388279067574|1160|740376|2007
26388279067574|1165|740377|2008
26388279067574|1150|740378|2008
30786325578640|1335|740379|2006
30786325578640|396|740380|2005
30786325578640|398|740381|2006
30786325578640|735|740382|2006
32985348833676|905|740383|2002
702|786|740384|2006
702|788|740385|2006
702|807|740386|2006
702|779|740387|2005
2199023256310|548|740388|2007
2199023256310|550|740389|2008
2199023256310|540|740390|2008
4398046511257|1117|740391|2000
4398046511257|1118|740392|2000
6597069766719|486|740393|2005
6597069766719|457|740394|2005
10995116278210|1557|740395|2006
10995116278210|1560|740396|2006
10995116278210|1561|740397|2007
15393162789655|205|740398|2010
15393162789655|207|740399|2010
17592186045047|1253|740400|2011
17592186045047|1269|740401|2011
17592186045047|1241|740402|2008
17592186045085|763|740403|2006
17592186045085|766|740404|2005
19791209300572|928|740405|2003
19791209300572|929|740406|2004
19791209300572|915|740407|2003
19791209300874|758|740408|2003
21990232555650|806|740409|2008
21990232555650|791|740410|2010
21990232555650|778|740411|2010
21990232555650|797|740412|2006
26388279066830|1335|740413|2006
26388279066830|1336|740414|2007
26388279066830|1340|740415|2006
26388279067561|1517|740416|2007
28587302322939|572|740417|2009
30786325577964|33|740418|2007
30786325577964|27|740419|2005
32985348833673|896|740420|2008
32985348833673|887|740421|2011
32985348833673|891|740422|2011
32985348833673|894|740423|2001
32985348833854|59|740424|2009
32985348833854|77|740425|2008
10995116277788|1248|740426|2009
10995116277788|1239|740427|2008
10995116278286|677|740428|2009
10995116278286|923|740429|2010
10995116278286|925|740430|2010
13194139533439|673|740431|2007
13194139533439|674|740432|2009
13194139533439|675|740433|2008
13194139533439|682|740434|2009
13194139533439|667|740435|2007
15393162789417|1557|740436|2001
15393162789417|1561|740437|2001
17592186044862|723|740438|2009
17592186044862|727|740439|2011
17592186044862|717|740440|2011
17592186044862|718|740441|2007
687|546|740442|2008
687|547|740443|2011
687|548|740444|2009
687|543|740445|2011
8796093022369|546|740446|2004
8796093022369|548|740447|2003
19791209300159|954|740448|2003
19791209300159|956|740449|2005
19791209300639|116|740450|2009
19791209300639|118|740451|2012
19791209300639|119|740452|2010
19791209300639|120|740453|2008
26388279066662|805|740454|2004
26388279066662|806|740455|2006
26388279066662|791|740456|2004
26388279066662|793|740457|2005
32985348833794|1321|740458|2003
32985348833794|1323|740459|2002
32985348834100|144|740460|2002
32985348834100|166|740461|2009
32985348834100|172|740462|2003
32985348834100|1117|740463|2002
