Comment.id|Comment.id.1|eid_generated
343597384502|343597384500|34
343597384503|343597384501|35
343597384505|343597384501|36
343597384506|343597384500|37
343597384507|343597384501|38
343597384508|343597384507|39
343597384509|343597384506|40
343597384511|343597384507|41
343597384512|343597384510|42
343597384513|343597384510|43
274877907783|274877907779|44
274877907786|274877907779|45
274877907787|274877907786|46
274877907788|274877907784|47
274877907789|274877907784|48
274877907790|274877907781|49
274877907791|274877907779|50
274877907792|274877907784|51
343597384706|274877907968|52
343597384707|274877907968|53
274877907972|274877907968|54
343597384710|274877907973|55
274877907975|274877907973|56
343597384712|274877907973|57
274877907979|274877907978|58
343597384739|343597384736|59
343597384741|343597384736|60
343597384762|343597384759|61
343597384764|343597384759|62
343597384766|343597384759|63
