Comment.id|Post.id|eid_generated
137438953797|137438953796|0
137438953798|137438953796|1
343597384499|343597384498|2
343597384500|343597384498|3
343597384501|343597384498|4
343597384504|343597384498|5
343597384510|343597384498|6
274877907779|274877907778|7
274877907780|274877907778|8
274877907781|274877907778|9
274877907782|274877907778|10
274877907784|274877907778|11
274877907785|274877907778|12
274877907965|274877907964|13
274877907966|274877907964|14
274877907967|274877907964|15
274877907968|274877907964|16
274877907969|274877907964|17
274877907973|274877907964|18
274877907978|274877907977|19
343597384736|343597384733|20
343597384742|343597384733|21
343597384743|343597384733|22
343597384745|343597384733|23
343597384748|343597384733|24
343597384749|343597384733|25
343597384756|343597384755|26
343597384757|343597384755|27
343597384758|343597384755|28
343597384759|343597384755|29
343597384760|343597384755|30
343597384761|343597384755|31
343597384763|343597384755|32
343597384765|343597384755|33
