Forum.id|Post.id|eid_generated
343597383682|343597383680|30408
343597383682|343597383681|30409
343597383682|343597383682|30410
343597383682|343597383683|30411
343597383682|343597383684|30412
343597383682|343597383685|30413
343597383682|343597383686|30414
343597383682|343597383687|30415
343597383682|343597383688|30416
343597383682|343597383689|30417
343597383682|343597383690|30418
343597383682|343597383691|30419
343597383682|343597383692|30420
343597383682|343597383693|30421
343597383682|343597383694|30422
343597383682|343597383695|30423
343597383682|343597383696|30424
343597383682|343597383697|30425
343597383682|343597383698|30426
343597383683|343597383699|30427
343597383683|343597383700|30428
343597383683|343597383701|30429
343597383683|343597383702|30430
343597383683|343597383703|30431
343597383683|343597383704|30432
343597383683|343597383705|30433
343597383683|343597383706|30434
343597383683|343597383707|30435
343597383683|343597383708|30436
343597383683|343597383709|30437
343597383683|343597383710|30438
343597383683|343597383711|30439
343597383683|343597383712|30440
343597383683|343597383713|30441
343597383683|343597383714|30442
274877906952|274877906979|30443
274877906952|274877906980|30444
274877906952|274877906981|30445
274877906952|274877906982|30446
274877906952|274877906983|30447
274877906952|274877906984|30448
274877906952|274877906985|30449
274877906954|274877906987|30450
274877906954|274877906988|30451
274877906957|274877907005|30452
274877906957|274877907006|30453
274877906957|274877907007|30454
274877906957|274877907008|30455
274877906957|274877907009|30456
274877906957|274877907010|30457
274877906957|274877907011|30458
274877906957|274877907012|30459
274877906957|274877907013|30460
274877906957|274877907014|30461
274877906957|274877907015|30462
274877906957|274877907016|30463
274877906957|274877907017|30464
274877906957|274877907018|30465
274877906957|274877907019|30466
274877906957|274877907020|30467
274877906957|274877907021|30468
274877906957|274877907022|30469
274877906957|274877907023|30470
274877906957|274877907024|30471
343597383696|343597383781|30472
343597383696|343597383782|30473
343597383696|343597383783|30474
343597383696|343597383784|30475
343597383696|343597383785|30476
343597383696|343597383786|30477
343597383701|343597383803|30478
343597383701|343597383804|30479
343597383701|343597383805|30480
343597383701|343597383806|30481
343597383701|343597383807|30482
343597383701|343597383808|30483
343597383701|343597383809|30484
343597383701|343597383810|30485
343597383701|343597383811|30486
343597383701|343597383812|30487
343597383701|343597383813|30488
343597383701|343597383814|30489
343597383701|343597383815|30490
343597383701|343597383816|30491
343597383701|343597383817|30492
343597383701|343597383818|30493
343597383701|343597383819|30494
343597383701|343597383820|30495
343597383701|343597383821|30496
343597383701|343597383822|30497
206158430230|206158430351|30498
206158430230|206158430352|30499
206158430230|206158430353|30500
206158430230|206158430354|30501
206158430230|206158430355|30502
206158430230|206158430356|30503
206158430230|206158430357|30504
206158430230|206158430358|30505
206158430230|206158430359|30506
206158430230|206158430360|30507
206158430230|206158430361|30508
206158430230|206158430362|30509
206158430230|206158430363|30510
206158430230|206158430364|30511
206158430230|206158430365|30512
206158430230|206158430366|30513
206158430230|206158430367|30514
206158430230|206158430368|30515
206158430230|206158430369|30516
274877906967|274877907106|30517
274877906967|274877907107|30518
274877906967|274877907108|30519
274877906967|274877907109|30520
274877906967|274877907110|30521
274877906967|274877907111|30522
274877906967|274877907112|30523
274877906967|274877907113|30524
274877906967|274877907114|30525
274877906967|274877907115|30526
274877906967|274877907116|30527
274877906967|274877907117|30528
274877906967|274877907118|30529
274877906967|274877907119|30530
274877906967|274877907120|30531
274877906967|274877907121|30532
68719476760|68719476914|30533
68719476760|68719476915|30534
68719476760|68719476916|30535
68719476760|68719476917|30536
68719476760|68719476918|30537
68719476760|68719476919|30538
68719476760|68719476920|30539
68719476760|68719476921|30540
137438953497|137438953658|30541
137438953497|137438953659|30542
137438953497|137438953660|30543
137438953497|137438953661|30544
137438953497|137438953662|30545
137438953497|137438953663|30546
137438953497|137438953664|30547
137438953497|137438953665|30548
137438953497|137438953666|30549
137438953497|137438953667|30550
137438953497|137438953668|30551
137438953497|137438953669|30552
137438953497|137438953670|30553
137438953497|137438953671|30554
137438953497|137438953672|30555
137438953497|137438953673|30556
137438953497|137438953674|30557
137438953497|137438953675|30558
137438953497|137438953676|30559
206158430235|206158430413|30560
206158430235|206158430414|30561
206158430235|206158430415|30562
206158430235|206158430416|30563
206158430235|206158430417|30564
206158430235|206158430418|30565
206158430235|206158430419|30566
206158430235|206158430420|30567
206158430235|206158430421|30568
206158430235|206158430422|30569
206158430235|206158430423|30570
206158430235|206158430424|30571
206158430235|206158430425|30572
206158430235|206158430426|30573
206158430235|206158430427|30574
274877906972|274877907164|30575
274877906972|274877907165|30576
274877906972|274877907166|30577
274877906972|274877907167|30578
274877906972|274877907168|30579
274877906972|274877907169|30580
274877906972|274877907170|30581
274877906972|274877907171|30582
137438953504|137438953702|30583
137438953504|137438953703|30584
137438953504|137438953704|30585
137438953504|137438953705|30586
137438953504|137438953706|30587
137438953504|137438953707|30588
137438953504|137438953708|30589
137438953504|137438953709|30590
137438953504|137438953710|30591
137438953504|137438953711|30592
137438953504|137438953712|30593
137438953504|137438953713|30594
137438953504|137438953714|30595
137438953504|137438953715|30596
137438953504|137438953716|30597
137438953504|137438953717|30598
137438953504|137438953718|30599
137438953504|137438953719|30600
137438953504|137438953720|30601
137438953505|137438953721|30602
137438953505|137438953722|30603
137438953505|137438953723|30604
137438953505|137438953724|30605
137438953505|137438953725|30606
137438953505|137438953726|30607
137438953505|137438953727|30608
137438953505|137438953728|30609
137438953505|137438953729|30610
274877906978|274877907202|30611
274877906978|274877907203|30612
274877906978|274877907204|30613
274877906978|274877907205|30614
274877906978|274877907206|30615
206158430243|206158430471|30616
206158430243|206158430472|30617
206158430243|206158430473|30618
206158430243|206158430474|30619
206158430243|206158430475|30620
206158430243|206158430476|30621
206158430243|206158430477|30622
206158430243|206158430478|30623
206158430243|206158430479|30624
206158430243|206158430480|30625
206158430243|206158430481|30626
206158430243|206158430482|30627
206158430243|206158430483|30628
206158430243|206158430484|30629
36|277|30630
36|278|30631
36|279|30632
36|280|30633
36|281|30634
36|282|30635
36|283|30636
36|284|30637
36|285|30638
36|286|30639
36|287|30640
36|288|30641
36|289|30642
36|290|30643
36|291|30644
36|292|30645
36|293|30646
36|294|30647
137438953510|137438953767|30648
137438953510|137438953768|30649
137438953510|137438953769|30650
137438953510|137438953770|30651
137438953510|137438953771|30652
137438953510|137438953772|30653
68719476775|68719477037|30654
68719476775|68719477038|30655
206158430248|206158430511|30656
206158430248|206158430512|30657
206158430248|206158430513|30658
274877906985|274877907250|30659
274877906985|274877907251|30660
274877906985|274877907252|30661
274877906985|274877907253|30662
274877906985|274877907254|30663
274877906985|274877907255|30664
274877906985|274877907256|30665
274877906985|274877907257|30666
274877906985|274877907258|30667
274877906985|274877907259|30668
274877906985|274877907260|30669
274877906985|274877907261|30670
274877906986|274877907262|30671
274877906986|274877907263|30672
274877906986|274877907264|30673
274877906986|274877907265|30674
274877906986|274877907266|30675
274877906986|274877907267|30676
68719476785|137438953796|30677
137438953527|274877907278|30678
274877907002|274877907314|30679
274877907002|274877907315|30680
274877907003|274877907316|30681
274877907003|274877907317|30682
274877907003|274877907318|30683
274877907003|274877907319|30684
274877907003|274877907320|30685
274877907003|274877907321|30686
274877907003|274877907322|30687
274877907003|274877907323|30688
274877907003|274877907324|30689
274877907003|274877907325|30690
274877907003|274877907326|30691
274877907003|274877907327|30692
274877907003|274877907328|30693
274877907003|274877907329|30694
206158430268|206158430594|30695
206158430268|206158430595|30696
206158430268|206158430596|30697
206158430268|206158430597|30698
206158430268|206158430598|30699
206158430268|206158430599|30700
206158430268|206158430600|30701
206158430268|206158430601|30702
206158430268|206158430602|30703
206158430268|206158430603|30704
206158430268|206158430604|30705
206158430268|206158430605|30706
206158430268|206158430606|30707
206158430268|206158430607|30708
206158430268|206158430608|30709
206158430268|206158430609|30710
206158430268|206158430610|30711
206158430268|206158430611|30712
206158430268|206158430612|30713
206158430269|206158430613|30714
206158430269|206158430614|30715
206158430269|206158430615|30716
206158430269|206158430616|30717
206158430269|206158430617|30718
206158430269|206158430618|30719
206158430269|206158430619|30720
206158430269|206158430620|30721
206158430269|206158430621|30722
206158430269|206158430622|30723
206158430273|206158430623|30724
206158430273|206158430624|30725
206158430273|206158430625|30726
206158430273|206158430626|30727
137438953538|137438953891|30728
137438953538|137438953892|30729
137438953538|137438953893|30730
137438953538|137438953894|30731
137438953538|137438953895|30732
137438953538|137438953896|30733
137438953538|137438953897|30734
137438953538|137438953898|30735
137438953538|137438953899|30736
137438953538|137438953900|30737
137438953538|137438953901|30738
137438953538|137438953902|30739
137438953538|137438953903|30740
137438953538|137438953904|30741
137438953538|137438953905|30742
137438953538|137438953906|30743
137438953538|137438953907|30744
206158430275|206158430644|30745
206158430275|206158430645|30746
206158430275|206158430646|30747
206158430275|206158430647|30748
206158430275|206158430648|30749
206158430275|206158430649|30750
206158430275|206158430650|30751
206158430275|206158430651|30752
206158430275|206158430652|30753
206158430275|206158430653|30754
206158430275|206158430654|30755
206158430275|206158430655|30756
206158430275|206158430656|30757
206158430275|206158430657|30758
206158430275|206158430658|30759
206158430275|206158430659|30760
206158430275|206158430660|30761
206158430275|206158430661|30762
206158430275|206158430662|30763
206158430275|206158430663|30764
274877907012|274877907400|30765
274877907012|274877907401|30766
274877907012|274877907402|30767
274877907012|274877907403|30768
274877907012|274877907404|30769
274877907012|274877907405|30770
274877907012|274877907406|30771
206158430277|206158430671|30772
206158430277|206158430672|30773
206158430277|206158430673|30774
206158430277|206158430674|30775
206158430277|206158430675|30776
206158430277|206158430676|30777
206158430277|206158430677|30778
206158430277|206158430678|30779
206158430277|206158430679|30780
206158430277|206158430680|30781
274877907014|274877907417|30782
274877907014|274877907418|30783
274877907014|274877907419|30784
274877907014|274877907420|30785
274877907014|274877907421|30786
274877907014|274877907422|30787
274877907015|274877907423|30788
343597383754|343597384184|30789
343597383754|343597384185|30790
343597383754|343597384186|30791
343597383754|343597384187|30792
343597383754|343597384188|30793
343597383754|343597384189|30794
343597383754|343597384190|30795
343597383754|343597384191|30796
343597383754|343597384192|30797
343597383754|343597384193|30798
343597383754|343597384194|30799
343597383754|343597384195|30800
343597383754|343597384196|30801
343597383754|343597384197|30802
343597383754|343597384198|30803
343597383754|343597384199|30804
343597383754|343597384200|30805
343597383755|343597384201|30806
343597383755|343597384202|30807
343597383755|343597384203|30808
343597383755|343597384204|30809
343597383755|343597384205|30810
343597383755|343597384206|30811
343597383755|343597384207|30812
343597383755|343597384208|30813
343597383755|343597384209|30814
343597383755|343597384210|30815
343597383755|343597384211|30816
343597383755|343597384212|30817
343597383755|343597384213|30818
343597383755|343597384214|30819
343597383755|343597384215|30820
343597383755|343597384216|30821
343597383755|343597384217|30822
343597383755|343597384218|30823
343597383755|343597384219|30824
343597383763|343597384240|30825
343597383763|343597384241|30826
343597383763|343597384242|30827
343597383763|343597384243|30828
343597383763|343597384244|30829
343597383763|343597384245|30830
343597383763|343597384246|30831
343597383763|343597384247|30832
343597383763|343597384248|30833
343597383763|343597384249|30834
343597383763|343597384250|30835
343597383763|343597384251|30836
343597383763|343597384252|30837
343597383763|343597384253|30838
343597383763|343597384254|30839
343597383763|343597384255|30840
274877907029|274877907523|30841
274877907029|274877907524|30842
274877907029|274877907525|30843
274877907029|274877907526|30844
274877907029|274877907527|30845
274877907029|274877907528|30846
274877907029|274877907529|30847
274877907029|274877907530|30848
274877907029|274877907531|30849
274877907029|274877907532|30850
274877907029|274877907533|30851
274877907029|274877907534|30852
274877907029|274877907535|30853
274877907030|274877907536|30854
274877907030|274877907537|30855
274877907030|274877907538|30856
274877907030|274877907539|30857
274877907030|274877907540|30858
274877907030|274877907541|30859
274877907030|274877907542|30860
274877907030|274877907543|30861
274877907030|274877907544|30862
274877907030|274877907545|30863
274877907030|274877907546|30864
274877907030|274877907547|30865
274877907030|274877907548|30866
274877907030|274877907549|30867
274877907030|274877907550|30868
274877907031|274877907551|30869
274877907031|274877907552|30870
274877907031|274877907553|30871
274877907031|274877907554|30872
274877907031|274877907555|30873
274877907031|274877907556|30874
274877907031|274877907557|30875
274877907031|274877907558|30876
274877907031|274877907559|30877
274877907031|274877907560|30878
274877907031|274877907561|30879
274877907031|274877907562|30880
274877907031|274877907563|30881
274877907031|274877907564|30882
274877907031|274877907565|30883
206158430297|206158430830|30884
206158430297|206158430831|30885
206158430297|206158430832|30886
206158430297|206158430833|30887
206158430297|206158430834|30888
206158430297|206158430835|30889
206158430297|206158430836|30890
206158430297|206158430837|30891
206158430297|206158430838|30892
206158430297|206158430839|30893
206158430297|206158430840|30894
206158430297|206158430841|30895
206158430297|206158430842|30896
206158430297|206158430843|30897
206158430297|206158430844|30898
206158430297|206158430845|30899
206158430297|206158430846|30900
206158430297|206158430847|30901
137438953562|137438954112|30902
137438953562|137438954113|30903
137438953562|137438954114|30904
137438953562|137438954115|30905
137438953562|137438954116|30906
137438953562|137438954117|30907
137438953562|137438954118|30908
137438953562|137438954119|30909
137438953562|137438954120|30910
137438953562|137438954121|30911
137438953562|137438954122|30912
137438953562|137438954123|30913
137438953562|137438954124|30914
206158430299|206158430861|30915
206158430299|206158430862|30916
206158430299|206158430863|30917
206158430299|206158430864|30918
206158430299|206158430865|30919
206158430299|206158430866|30920
206158430299|206158430867|30921
206158430299|206158430868|30922
206158430299|206158430869|30923
206158430299|206158430870|30924
206158430299|206158430871|30925
206158430299|206158430872|30926
206158430299|206158430873|30927
206158430299|206158430874|30928
206158430299|206158430875|30929
206158430299|206158430876|30930
206158430299|206158430877|30931
206158430299|206158430878|30932
206158430299|206158430879|30933
206158430299|206158430880|30934
274877907037|274877907617|30935
274877907037|274877907618|30936
274877907037|274877907619|30937
274877907037|274877907620|30938
274877907037|274877907621|30939
274877907037|274877907622|30940
274877907037|274877907623|30941
274877907037|274877907624|30942
274877907037|274877907625|30943
274877907037|274877907626|30944
274877907037|274877907627|30945
206158430302|206158430892|30946
206158430302|206158430893|30947
206158430302|206158430894|30948
206158430302|206158430895|30949
206158430302|206158430896|30950
206158430302|206158430897|30951
206158430302|206158430898|30952
206158430302|206158430899|30953
206158430302|206158430900|30954
206158430302|206158430901|30955
206158430302|206158430902|30956
206158430302|206158430903|30957
206158430302|206158430904|30958
206158430302|206158430905|30959
206158430302|206158430906|30960
206158430302|206158430907|30961
206158430302|206158430908|30962
206158430303|206158430909|30963
206158430303|206158430910|30964
206158430303|206158430911|30965
206158430303|206158430912|30966
206158430303|206158430913|30967
206158430303|206158430914|30968
206158430303|206158430915|30969
206158430303|206158430916|30970
206158430303|206158430917|30971
206158430303|206158430918|30972
206158430303|206158430919|30973
206158430303|206158430920|30974
206158430303|206158430921|30975
206158430303|206158430922|30976
206158430303|206158430923|30977
206158430303|206158430924|30978
343597383777|343597384397|30979
343597383777|343597384398|30980
343597383777|343597384399|30981
343597383777|343597384400|30982
343597383777|343597384401|30983
343597383777|343597384402|30984
343597383777|343597384403|30985
274877907042|274877907668|30986
274877907042|274877907669|30987
274877907042|274877907670|30988
274877907042|274877907671|30989
274877907042|274877907672|30990
274877907042|274877907673|30991
274877907042|274877907674|30992
274877907042|274877907675|30993
274877907042|274877907676|30994
274877907042|274877907677|30995
274877907042|274877907678|30996
274877907042|274877907679|30997
274877907042|274877907680|30998
274877907043|274877907681|30999
274877907043|274877907682|31000
274877907043|274877907683|31001
274877907043|274877907684|31002
274877907043|274877907685|31003
274877907043|274877907686|31004
206158430308|206158430951|31005
206158430308|206158430952|31006
206158430308|206158430953|31007
206158430308|206158430954|31008
206158430308|206158430955|31009
206158430308|206158430956|31010
206158430308|206158430957|31011
206158430308|206158430958|31012
206158430308|206158430959|31013
206158430308|206158430960|31014
206158430308|206158430961|31015
274877907045|274877907698|31016
274877907045|274877907699|31017
274877907045|274877907700|31018
274877907045|274877907701|31019
274877907045|274877907702|31020
274877907045|274877907703|31021
274877907045|274877907704|31022
274877907045|274877907705|31023
274877907045|274877907706|31024
274877907045|274877907707|31025
274877907045|274877907708|31026
274877907045|274877907709|31027
274877907045|274877907710|31028
274877907045|274877907711|31029
274877907045|274877907712|31030
274877907045|274877907713|31031
274877907045|274877907714|31032
206158430310|206158430979|31033
206158430310|206158430980|31034
206158430310|206158430981|31035
206158430310|206158430982|31036
206158430310|206158430983|31037
206158430310|206158430984|31038
343597383784|343597384457|31039
343597383784|343597384458|31040
343597383784|343597384459|31041
343597383784|343597384460|31042
343597383784|343597384461|31043
343597383784|343597384462|31044
343597383784|343597384463|31045
343597383784|343597384464|31046
274877907050|274877907741|31047
274877907050|274877907742|31048
274877907050|274877907743|31049
274877907050|274877907744|31050
274877907050|274877907745|31051
274877907050|274877907746|31052
274877907050|274877907747|31053
274877907050|274877907748|31054
274877907050|274877907749|31055
274877907050|274877907750|31056
274877907050|274877907751|31057
274877907050|274877907752|31058
206158430323|343597384498|31059
206158430323|274877907778|31060
206158430324|206158431057|31061
206158430324|206158431058|31062
206158430324|206158431059|31063
206158430324|206158431060|31064
206158430324|206158431061|31065
206158430324|206158431062|31066
206158430324|206158431063|31067
206158430324|206158431064|31068
206158430324|206158431065|31069
206158430324|206158431066|31070
206158430324|206158431067|31071
206158430324|206158431068|31072
206158430324|206158431069|31073
206158430324|206158431070|31074
206158430324|206158431071|31075
206158430324|206158431072|31076
343597383798|343597384561|31077
343597383798|343597384562|31078
343597383798|343597384563|31079
343597383798|343597384564|31080
343597383798|343597384565|31081
343597383798|343597384566|31082
343597383799|343597384567|31083
343597383799|343597384568|31084
343597383799|343597384569|31085
343597383799|343597384570|31086
343597383799|343597384571|31087
343597383799|343597384572|31088
343597383799|343597384573|31089
343597383799|343597384574|31090
343597383799|343597384575|31091
343597383799|343597384576|31092
343597383799|343597384577|31093
343597383799|343597384578|31094
343597383799|343597384579|31095
343597383799|343597384580|31096
343597383799|343597384581|31097
343597383799|343597384582|31098
343597383799|343597384583|31099
343597383799|343597384584|31100
343597383799|343597384585|31101
343597383799|343597384586|31102
206158430330|206158431116|31103
206158430330|206158431117|31104
206158430330|206158431118|31105
206158430330|206158431119|31106
206158430333|206158431129|31107
206158430333|206158431130|31108
206158430333|206158431131|31109
206158430333|206158431132|31110
206158430333|206158431133|31111
206158430333|206158431134|31112
206158430333|206158431135|31113
206158430333|206158431136|31114
206158430333|206158431137|31115
206158430333|206158431138|31116
206158430333|206158431139|31117
206158430333|206158431140|31118
206158430333|206158431141|31119
206158430333|206158431142|31120
206158430333|206158431143|31121
206158430334|206158431144|31122
206158430334|206158431145|31123
206158430334|206158431146|31124
206158430334|206158431147|31125
206158430334|206158431148|31126
206158430334|206158431149|31127
206158430334|206158431150|31128
206158430334|206158431151|31129
206158430334|206158431152|31130
206158430334|206158431153|31131
206158430334|206158431154|31132
206158430334|206158431155|31133
206158430334|206158431156|31134
206158430334|206158431157|31135
206158430334|206158431158|31136
206158430334|206158431159|31137
206158430334|206158431160|31138
206158430334|206158431161|31139
206158430334|206158431162|31140
206158430334|206158431163|31141
68719476863|68719477692|31142
68719476863|68719477693|31143
68719476863|68719477694|31144
68719476863|68719477695|31145
68719476863|68719477696|31146
68719476863|68719477697|31147
68719476863|68719477698|31148
68719476863|68719477699|31149
68719476863|68719477700|31150
68719476863|68719477701|31151
68719476863|68719477702|31152
68719476863|68719477703|31153
68719476863|68719477704|31154
68719476863|68719477705|31155
68719476863|68719477706|31156
68719476863|68719477707|31157
68719476863|68719477708|31158
68719476863|68719477709|31159
68719476864|68719477710|31160
68719476864|68719477711|31161
68719476864|68719477712|31162
68719476864|68719477713|31163
68719476864|68719477714|31164
68719476864|68719477715|31165
68719476864|68719477716|31166
68719476864|68719477717|31167
68719476864|68719477718|31168
68719476864|68719477719|31169
206158430337|206158431192|31170
206158430337|206158431193|31171
206158430337|206158431194|31172
206158430337|206158431195|31173
206158430337|206158431196|31174
206158430337|206158431197|31175
206158430337|206158431198|31176
68719476866|68719477727|31177
68719476866|68719477728|31178
68719476866|68719477729|31179
68719476866|68719477730|31180
68719476866|68719477731|31181
68719476866|68719477732|31182
68719476866|68719477733|31183
68719476866|68719477734|31184
68719476866|68719477735|31185
68719476866|68719477736|31186
68719476867|68719477737|31187
68719476867|68719477738|31188
68719476867|68719477739|31189
68719476867|68719477740|31190
68719476867|68719477741|31191
68719476867|68719477742|31192
68719476867|68719477743|31193
274877907079|274877907964|31194
274877907079|274877907977|31195
274877907079|343597384733|31196
274877907080|343597384755|31197
274877907080|343597384787|31198
206158430345|206158431319|31199
206158430345|206158431320|31200
206158430345|206158431321|31201
206158430345|206158431322|31202
206158430345|206158431323|31203
206158430345|206158431324|31204
206158430345|206158431325|31205
206158430345|206158431326|31206
206158430345|206158431327|31207
206158430345|206158431328|31208
206158430345|206158431329|31209
206158430345|206158431330|31210
206158430345|206158431331|31211
206158430345|206158431332|31212
206158430345|206158431333|31213
206158430345|206158431334|31214
206158430345|206158431335|31215
206158430345|206158431336|31216
206158430345|206158431337|31217
274877907082|274877908074|31218
274877907082|274877908075|31219
274877907082|274877908076|31220
274877907082|274877908077|31221
274877907082|274877908078|31222
274877907082|274877908079|31223
274877907082|274877908080|31224
274877907082|274877908081|31225
274877907082|274877908082|31226
274877907082|274877908083|31227
274877907082|274877908084|31228
274877907082|274877908085|31229
274877907082|274877908086|31230
343597383819|343597384823|31231
343597383819|343597384824|31232
343597383819|343597384825|31233
343597383819|343597384826|31234
343597383819|343597384827|31235
343597383819|343597384828|31236
343597383819|343597384829|31237
343597383819|343597384830|31238
343597383820|343597384831|31239
343597383820|343597384832|31240
343597383820|343597384833|31241
206158430350|206158431362|31242
206158430350|206158431363|31243
206158430350|206158431364|31244
206158430350|206158431365|31245
206158430350|206158431366|31246
206158430350|206158431367|31247
206158430350|206158431368|31248
206158430350|206158431369|31249
206158430350|206158431370|31250
206158430350|206158431371|31251
206158430350|206158431372|31252
206158430350|206158431373|31253
206158430350|206158431374|31254
206158430350|206158431375|31255
206158430350|206158431376|31256
206158430350|206158431377|31257
206158430350|206158431378|31258
206158430352|206158431379|31259
206158430352|206158431380|31260
206158430352|206158431381|31261
206158430352|206158431382|31262
206158430352|206158431383|31263
206158430352|206158431384|31264
206158430352|206158431385|31265
206158430352|206158431386|31266
206158430352|206158431387|31267
206158430352|206158431388|31268
206158430352|206158431389|31269
206158430352|206158431390|31270
206158430352|206158431391|31271
206158430352|206158431392|31272
206158430352|206158431393|31273
206158430352|206158431394|31274
206158430352|206158431395|31275
206158430352|206158431396|31276
206158430352|206158431397|31277
206158430352|206158431398|31278
206158430354|206158431401|31279
206158430354|206158431402|31280
206158430354|206158431403|31281
206158430354|206158431404|31282
206158430354|206158431405|31283
206158430354|206158431406|31284
206158430354|206158431407|31285
206158430354|206158431408|31286
206158430354|206158431409|31287
343597383828|343597384895|31288
343597383828|343597384896|31289
343597383828|343597384897|31290
343597383828|343597384898|31291
343597383828|343597384899|31292
343597383828|343597384900|31293
343597383828|343597384901|31294
343597383828|343597384902|31295
343597383828|343597384903|31296
343597383828|343597384904|31297
343597383828|343597384905|31298
343597383828|343597384906|31299
343597383828|343597384907|31300
343597383828|343597384908|31301
343597383828|343597384909|31302
343597383828|343597384910|31303
343597383828|343597384911|31304
343597383828|343597384912|31305
343597383828|343597384913|31306
343597383828|343597384914|31307
274877907093|274877908179|31308
274877907093|274877908180|31309
137438953622|137438954709|31310
137438953622|137438954710|31311
137438953622|137438954711|31312
274877907098|274877908204|31313
274877907098|274877908205|31314
274877907098|274877908206|31315
274877907098|274877908207|31316
274877907098|274877908208|31317
274877907098|274877908209|31318
274877907098|274877908210|31319
274877907098|274877908211|31320
274877907098|274877908212|31321
274877907098|274877908213|31322
274877907098|274877908214|31323
274877907098|274877908215|31324
274877907098|274877908216|31325
274877907098|274877908217|31326
274877907098|274877908218|31327
274877907098|274877908219|31328
274877907098|274877908220|31329
274877907098|274877908221|31330
274877907098|274877908222|31331
274877907098|274877908223|31332
343597383835|343597384960|31333
343597383835|343597384961|31334
343597383835|343597384962|31335
343597383835|343597384963|31336
343597383835|343597384964|31337
343597383835|343597384965|31338
343597383835|343597384966|31339
343597383835|343597384967|31340
