1347615339076|0|1|35184372090047|Witold|Ciesla|female|435456000000|1347615339076|31.183.168.247|Firefox|1282|pl;en|Witold35184372090047@gmail.com|205;1178;1760;1988;9097;9163;9317||979,2009
1347625494732|0|1|35184372089129|Ashin|Michie|female|487555200000|1347625494732|203.215.60.162|Chrome|1010|my;en|Ashin35184372089129@gmail.com;Ashin35184372089129@gmx.com;Ashin35184372089129@hotmail.com|205;564;571;577;810;973;978;1177;1668;1988;2081;2096;2107;2799;2818;2840;2845;2879;2923;2926;2963;2965;4986;5162;5342;5546;5648;5650;6368;6645;6990;7507;7522;7572;7594;8792;10107;10322||1009,2010;982,2004;892,2006;109,2004;1133,2010
1347681355202|0|1|35184372090466|Rahim|Zaland|female|611712000000|1347681355202|58.147.130.150|Firefox|953|tk;uz;en|Rahim35184372090466@hotmail.com|1671;1747;6429;16074|1582,2008|1,2009;2,2009
1347701695628|0|1|35184372089452|Manuel|Gonzalez|male|480384000000|1347701695628|148.204.205.19|Firefox|740|es;en|Manuel35184372089452@gmail.com;Manuel35184372089452@gmx.com;Manuel35184372089452@hotmail.com|140;243;468;575;580;776;1021;1452;1616;1763;1764;1987;1995;1997;2000;2034;2043;2051;2067;2087;2092;2781;2782;2783;2790;2793;2890;2950;2982;2996;3001;3101;5116;5313;5490;6395;6704;6964;7517;7545;7960;9170;9174;10197;11537;12742|5039,2004|
1347728341891|0|1|35184372089227|Carlos|Araujo|female|340243200000|1347728341891|152.92.50.216|Safari|582|pt;en|Carlos35184372089227@gmail.com;Carlos35184372089227@gmx.com;Carlos35184372089227@yahoo.com|6|1852,1998|
1347808601116|0|1|35184372090497|Eddie|Cruz|female|539654400000|1347808601116|116.68.182.20|Chrome|818|en;tl|Eddie35184372090497@gmx.com|294;524;561;565;568;588;1032;1152;1153;1154;1171;1194;1375;1669;1671;1987;1993;1998;2784;2787;2788;2790;2792;2793;2794;3089;5153;5601;6131;7338;7509;7524;9141;9289;9329;10028||963,2008;950,2006
1347836511566|0|1|35184372089522|Dith|Chau|male|374889600000|1347836511566|202.8.75.0|Firefox|1039|fr;en|Dith35184372089522@gmail.com;Dith35184372089522@hotmail.com;Dith35184372089522@yahoo.com|183;468;574;774;779;1175;1533;1990;1993;2100;2789;2813;2831;2837;2845;2919;2994;3034;3036;3092;6413;7005;8303;9063|1971,2000|195,2002;196,2001;201,2001;204,2000
1347889317628|0|1|35184372090473|Rajiv|Sharma|male|445564800000|1347889317628|58.146.106.133|Firefox|162|hi;ur;en|Rajiv35184372090473@gmx.com;Rajiv35184372090473@hotmail.com|1180;1436;1984;2011;2853;2873;2964;5797|3012,2002|547,2003;133,2003;552,2002;539,2003;540,2002
1347914750925|0|1|35184372089880|Jun|Wei|female|456364800000|1347914750925|27.34.232.26|Internet Explorer|394|zh;en|Jun35184372089880@gmail.com;Jun35184372089880@zoho.com|1938|2209,2002|912,2003;930,2004;931,2003;919,2004
1347944536412|0|1|35184372090273|Pawel|Zakrzewski|female|468115200000|1347944536412|46.29.144.193|Internet Explorer|1282|pl;en|Pawel35184372090273@gmail.com;Pawel35184372090273@gmx.com|138;142;576;582;586;777;1176;1758;1912;1987;1988;1995;2001;2040;2782;2783;2785;2786;2791;2820;2837;2954;3033;3040;5153;6413;6976;7439;7543;9143|5808,2004|
1348023947603|0|1|35184372089834|Sanjay|Reddy|male|520646400000|1348023947603|27.251.128.40|Opera|119|mr;gu;en|Sanjay35184372089834@gmail.com;Sanjay35184372089834@gmx.com|4;143;279;544;594;786;1175;1205;1421;1940;1986;2780;2784;2795;2813;2816;2824;2841;2853;2934;2942;2968;2990;2994;3042;3051;3108;4847;5132;5197;6369;6377;6405;6409;6438;6684;6991;7380;7524;7547;10193;11298;15177|3014,2004|547,2005;540,2005;541,2005;543,2005
1348041897577|0|1|35184372089734|Hao|Liu|male|350265600000|1348041897577|1.10.8.104|Chrome|473|zh;en|Hao35184372089734@gmx.com;Hao35184372089734@hotmail.com;Hao35184372089734@safat.us|6;781;973;976;1022;1759;1762;2040;9036;9097;9098;9227;9479;11742||914,2012;1227,2002;911,2005
1348097856188|0|1|35184372089763|Jun|Wang|female|332208000000|1348097856188|1.10.13.189|Firefox|504|zh;en|Jun35184372089763@gmail.com|6;575|2206,2002|913,2004;915,2003;920,2003;923,2003;927,2003
1348250832226|0|1|35184372088889|Akira|Ito|female|365126400000|1348250832226|27.126.77.129|Chrome|698|ja;en|Akira35184372088889@gmail.com;Akira35184372088889@gmx.com;Akira35184372088889@zoho.com|6;564;1024;1179;1180;1615;1617;1667;1999;2048;2058;2082;2089;2092;2093;2101;2789;2790;2805;2835;2844;2854;2914;2930;2935;2951;3030;3096;4938;5183;5193;5546;6082;6894;7478;7570;9209;9319;11362;13252;13398;13985;14387|4747,2003|673,2005;677,2005;664,2005
1348378166767|0|1|35184372090141|Alexander Dobrunov|Dobrunov|female|519436800000|1348378166767|31.25.30.12|Chrome|858|ru;en|Alexander.Dobrunov35184372090141@yahoo.com|275||1075,2007;1079,2007;1067,2012;1053,2010;1023,2006
1348426989923|0|1|35184372088976|Yang|Zhu|male|572918400000|1348426989923|14.0.6.255|Firefox|353|zh;en|Yang35184372088976@gmail.com;Yang35184372088976@gmx.com;Yang35184372088976@yahoo.com|295;1406;1546;1670;1673;1863;1864;1989;2121;2780;2840;2975;5196;5951;6405;6945;8472;13632|2213,2010|907,2011
1348510932853|0|1|35184372089279|Aamer|Qureshi|male|611971200000|1348510932853|202.165.234.37|Firefox|781|ur;sd;en|Aamer35184372089279@gmail.com;Aamer35184372089279@gmx.com;Aamer35184372089279@zoho.com|1534;1644;2063;2071;2863;2949;7025;13172|5267,2007|896,2009;889,2009;891,2007;893,2008
1348648845628|0|1|35184372088961|Cheng|Chen|male|493862400000|1348648845628|14.102.131.253|Internet Explorer|447|zh;en|Cheng35184372088961@gmail.com;Cheng35184372088961@gmx.com;Cheng35184372088961@hotmail.com|6;777;1505|2206,2004|
1348822499709|0|1|35184372088893|David|Kurková|male|366854400000|1348822499709|31.207.53.29|Firefox|1080|sk;en|David35184372088893@gmail.com;David35184372088893@gmx.com;David35184372088893@hotmail.com|1444;1989;2119;5191;9474;11644|2449,2000|306,2002;300,2001;108,2000;301,2002
1348889072910|0|1|35184372090395|Aditya|Bose|female|538012800000|1348889072910|49.205.141.65|Chrome|279|hi;ml;en|Aditya35184372090395@gmail.com;Aditya35184372090395@zoho.com|2;1175;1669;2001;2017;2086;2784;2786;2801;2816;2833;2838;2881;2947;3055;10664|3013,2005|551,2006;554,2006;541,2006
1348904422246|0|1|35184372090059|Eugene Moke|Omonga|male|394416000000|1348904422246|41.76.143.32|Internet Explorer|1097|fr;en|Eugene.Moke35184372090059@gmail.com;Eugene.Moke35184372090059@gmx.com|523;547;1204;2116;2810;2819;2826;2873;3043;3103;5858;7526;10498;11376;15272||321,2008;3,2004
1348965481332|0|1|35184372090491|Kurt|Fischer|female|416880000000|1348965481332|204.79.171.111|Firefox|611|de;en|Kurt35184372090491@gmail.com;Kurt35184372090491@hotmail.com;Kurt35184372090491@yahoo.com;Kurt35184372090491@zoho.com|281;782;1758;2001;6740;6793;7516|2828,2003|448,2003;449,2005;470,2004;472,2004;462,2004
1348978891784|0|1|35184372089653|Lin|Wang|male|378950400000|1348978891784|1.4.108.51|Firefox|377|zh;en|Lin35184372089653@fit.lv;Lin35184372089653@gmail.com;Lin35184372089653@yahoo.com|6;565;6413|2207,2003|926,2005
1349018073837|0|1|35184372089758|Zhong|Wu|female|339206400000|1349018073837|1.4.1.105|Firefox|436|zh;en|Zhong35184372089758@gmail.com;Zhong35184372089758@hotmail.com|580;1152;1154;1174;1200;1532;1986;1998;2048;2778;3035;5184;6385|2210,2002|928,2002;936,2003;937,2004;911,2004
1349107776157|0|1|35184372089039|Andrew|Anwar|male|359683200000|1349107776157|103.246.76.247|Firefox|670|jv;en|Andrew35184372089039@gmail.com;Andrew35184372089039@hotmail.com|976;1207;1411;1675;1940;2061;2065;2095;2850;2897;3037;5117;5890;6018;6404;6413;6743;6971;6980;7516;7598;8282||560,2007;588,2001
1349108348516|0|1|35184372090310|Michael|Zhang|male|512524800000|1349108348516|1.10.11.48|Firefox|421|zh;en|Michael35184372090310@gmx.com|6;1175||915,2004;1316,2010;918,2012;908,2011;926,2006
1349121079566|0|1|35184372090102|João|Pinto|female|539568000000|1349121079566|62.28.223.131|Firefox|1294|pt;en|Joao35184372090102@gmail.com;Joao35184372090102@zoho.com|1859;2857;7014;11541|5866,2008|994,2008;990,2009
1349150610057|0|1|35184372089427|Mario|Alonso|female|548726400000|1349150610057|200.13.145.52|Chrome|1079|es;en|Mario35184372089427@yahoo.com|145;147;149;205;206;574;588;781;783;1026;1175;1183;1190;1192;1199;1202;1204;1452;1760;1767;1768;1769;1941;1988;1989;1994;1999;2005;2014;2028;2115;2119;2845;5104;5125;5159;5191;6413;7380;7509;7517;9097;9150;9238;11247;11376;11377;11633;11698;11742||
1349168636270|0|1|35184372089567|Nabil|Abdel Fattah|female|583718400000|1349168636270|188.123.149.7|Firefox|524|ar;en|Nabil35184372089567@darkforces.com;Nabil35184372089567@yahoo.com|138;410;571;812;1176;1375;1984;2028;2040;2110;2782;2786;2817;2840;2843;2896;2904;3012;3056;3067;3074;3080;3103;5158;6799;6962;6981;6991;7580;9227;9261;9317;9601;10816;11628;12640;12825|4934,2006|690,2006;1122,2007;692,2007
1349224967855|0|1|35184372089974|Rahul|Singh|female|378604800000|1349224967855|103.1.131.50|Firefox|187|bn;ta;en|Rahul35184372089974@gmail.com|138;180;205;973;1993;2777;2785;2817;2822;2834;2870;3045;3068;4847;4906;6692;6980;10037;13815|3006,2001|553,2003;539,2003
1349323640524|0|1|35184372089219|Jorge|Rodriguez|female|614736000000|1349323640524|190.121.131.150|Internet Explorer|1069|es;en|Jorge35184372089219@gmail.com;Jorge35184372089219@madeniggaz.net|1026;1200;1506;2015;2027;6993|2401,2009|282,2011;266,2010
1349334433021|0|1|35184372089958|Yang|Zhang|male|521683200000|1349334433021|14.221.11.146|Firefox|438|zh;en|Yang35184372089958@gmx.com|196;488;1749;2082;2107;2823;2851;2898;2922;6377;6704;7522;7570;7587;8886;9095;13273;13545;13816;13818|2355,2004|
1349336930013|0|1|35184372090171|Jetsada|Aguilar|male|540777600000|1349336930013|103.22.183.44|Internet Explorer|1383|en|Jetsada35184372090171@farts.com;Jetsada35184372090171@gmail.com|144;524;780;1617;1995;2001;2008;2030;2094;2785;2977;3000;6405;6999;9293|6490,2009|1319,2010;984,2011;1304,2010
1349375815728|0|1|35184372090049|Chen|Chen|female|532569600000|1349375815728|14.197.95.253|Firefox|478|zh;en|Chen35184372090049@gmx.com|6;790;1172;11254||913,2007;932,2010;923,2005;926,2011
1349393994359|0|1|35184372089384|Ricky|Garcia|female|467251200000|1349393994359|123.242.205.176|Safari|803|en|Ricky35184372089384@gmail.com;Ricky35184372089384@yahoo.com|774;782;784;812;1171;1192;1637;1994;2011;2051;2092;2098;2103;2780;2784;2855;2876;2890;2905;2948;2959;2969;3065;3096;3114;5117;5183;5428;7062;7063;7468;9102;10615;11183;12644;13039;13549;13778||956,2005
1349480914789|0|1|35184372089001|A.|Kapoor|female|623289600000|1349480914789|27.251.235.0|Chrome|190|gu;mr;en|A.35184372089001@gmail.com;A.35184372089001@yahoo.com|523;577;798;802;1179;1206;1450;1863;1995;2012;2083;5090;7579;11376;11577|3012,2009|550,2010;552,2010;553,2010;543,2010
1349492015696|0|1|35184372089250|A.|Sharma|female|356572800000|1349492015696|27.97.97.82|Chrome|187|gu;en|A.35184372089250@gmail.com;A.35184372089250@yahoo.com|282;416;417;418;543;565;568;586;778;791;797;1023;1024;1153;1171;1174;1177;1410;1505;1667;1984;1987;2008;2090;2117;2780;2781;2784;2790;2793;2795;2805;2847;2866;2919;2924;2931;2977;3007;3045;3091;5078;5141;5178;6449;6458;6942;7005;7509;7523;7559;9040;9209|3012,2001|544,2002;554,2002;538,2002
1349577605217|0|1|35184372090272|Khalid|Dayan|female|543456000000|1349577605217|212.217.64.55|Opera|1229|ar;en|Khalid35184372090272@gmail.com;Khalid35184372090272@zoho.com|1446;2929|5154,2008|818,2009;822,2008;823,2009
1349602887753|0|1|35184372089365|Pablo|Garcia|male|527731200000|1349602887753|158.97.15.115|Internet Explorer|726|es;en|Pablo35184372089365@gmail.com;Pablo35184372089365@yahoo.com;Pablo35184372089365@zoho.com|978;1418;1450;1996;2038;2782;2818;6637;7433;11117|5046,2006|803,2007;789,2007;796,2008
1349612538898|0|1|35184372089244|Parviz|Derderian|female|356572800000|1349612538898|46.209.250.134|Firefox|1163|fa;ar;en|Parviz35184372089244@gmail.com|1635|4592,2003|
1349620890655|0|1|35184372089309|Ken|Sato|male|492998400000|1349620890655|14.192.58.170|Firefox|713|ja;en|Ken35184372089309@gmx.com|62;283;416;420;576;581;1021;1682;1684;1909;1984;1989;2000;2010;2042;2777;2779;2783;2785;2795;2819;2876;2900;2906;2929;2936;2952;3017;3077;5084;5159;5161;5191;5440;5982;6429;6765;6980;7235;7512;7517;7523;7594;7644;8320;8840;9195||664,2011;680,2009;1566,2008;670,2011
1349629941458|0|1|35184372090153|Billinjer C|Loan|female|527731200000|1349629941458|115.74.44.254|Firefox|944|vi;zh;en|Billinjer.C35184372090153@gmail.com;Billinjer.C35184372090153@umpire.com;Billinjer.C35184372090153@yahoo.com|8;458;1187;1545;1910;1982;1993;2031;2779;2781;2785;2816;2848;2912;2932;2964;2976;2998;4848;5224;6976;7521;8304;9261;11067;11438;11577;13963|7900,2007|1557,2007;1559,2009;1560,2008
1349654884516|0|1|35184372088849|Almira|Patras|female|425606400000|1349654884516|193.104.227.215|Internet Explorer|1226|ru;en|Almira35184372088849@gmail.com;Almira35184372088849@gmx.com|1916|5142,2004|
1349760413284|0|1|35184372089119|Fred|Smith|female|453772800000|1349760413284|31.28.84.99|Internet Explorer|1110|en|Fred35184372089119@gmail.com|416;448;458;543;561;565;574;597;788;977;1023;1028;1177;1410;1670;1672;1677;1759;1863;1940;1985;2005;2015;2037;2067;2086;2103;2781;2784;2785;2790;2805;2822;2825;2872;2924;2941;2956;3034;3106;5118;5119;6004;6954;6990;6991;7005;7509;7520;7522;9174;9209;9317;11541;11741|2554,2003|370,2005;390,2003;380,2004
1349781390754|0|1|35184372089569|Deepak|Rao|male|522547200000|1349781390754|49.128.167.244|Firefox|216|ml;en|Deepak35184372089569@gmail.com;Deepak35184372089569@gmx.com|0;8;138;196;278;294;545;580;597;790;1022;1183;1203;1683;1909;1988;1993;2009;2048;2075;2090;2108;2780;2782;2783;2784;2788;2819;2837;2891;2894;2902;2944;2963;3001;3030;3037;3078;5084;5948;6449;6674;6704;6981;7252;7520;7523;7587;8907;9174;9317;10028;10182;11537;11745;14074;14951|3012,2008|545,2008;548,2009;538,2009;539,2008;541,2009
1349848005675|0|1|35184372090211|Juan Carlos|Cejas|male|560390400000|1349848005675|186.96.249.208|Opera|979|es;fr;en|Juan.Carlos35184372090211@gmail.com;Juan.Carlos35184372090211@gmx.com|138;244;1760;1863;1984;2007;2060;2784;2787;2805;2863;4922;6449;7015;7524;7547;7582|1610,2009|
1349872359352|0|1|35184372089637|Priyanka|Kumar|female|488246400000|1349872359352|49.238.36.185|Chrome|198|ml;en|Priyanka35184372089637@gmail.com;Priyanka35184372089637@hotmail.com;Priyanka35184372089637@yahoo.com;Priyanka35184372089637@zoho.com|0;196;578;590;777;804;978;1154;1614;1984;1994;2004;2019;2023;2072;2081;2804;2806;2807;2811;2821;2822;2826;2850;2851;2876;2914;2917;2946;2976;3025;5184;6082;6175;6449;6456;6938;7113;7980;8156;9195;9241;9326;9478;9830;10222;13029||
1349886764577|0|1|35184372089121|Piotr|Zakrzewski|female|575251200000|1349886764577|31.41.172.228|Firefox|1286|pl;en|Piotr35184372089121@bongmail.com;Piotr35184372089121@front.ru;Piotr35184372089121@gmx.com;Piotr35184372089121@yahoo.com|60;62;290;565;805;809;1178;1678;1831;1909;1984;2021;2789;2806;2811;2919;2941;3014;3102;5147;6363;6438;6456;6980;7380;7598;11161;14984||981,2012;972,2012;973,2007;974,2009
1349987266580|0|1|35184372089822|Jun|Liu|female|360979200000|1349987266580|14.130.106.24|Opera|477|zh;en|Jun35184372089822@yahoo.com|6;8;148;206;418;565;575;578;588;778;780;781;782;790;808;973;976;1025;1170;1173;1177;1180;1184;1191;1192;1201;1454;1545;1547;1548;1616;1909;1940;2001;2065;2788;2803;2815;2984;3034;3047;3060;3066;5192;6404;6413;6418;6862;6945;7510;7514;9474;10449;11250;11379;11557;11622;11695;11742|2207,2000|908,2002
1350062363128|0|1|35184372089112|Baby|Yang|male|548467200000|1350062363128|27.121.126.245|Internet Explorer|419|zh;en|Baby35184372089112@gmail.com;Baby35184372089112@madeniggaz.net;Baby35184372089112@yahoo.com|243;6397;9899|2205,2005|906,2007;938,2005;911,2006
1350090050125|0|1|35184372088904|Vitor|Martins|female|568857600000|1350090050125|84.91.250.127|Internet Explorer|1295|pt;en|Vitor35184372088904@gmail.com;Vitor35184372088904@gmx.com|1857||994,2010;983,2009;990,2011
1350090520925|0|1|35184372090529|Karan|Singh|female|543024000000|1350090520925|59.183.7.17|Chrome|128|te;kn;en|Karan35184372090529@gmail.com;Karan35184372090529@yahoo.com|0;448;569;1615;1617;2031;2073;2784;2799;2830;2840;2874;2912;2939;2989;3080;3096;5078;5944;6456;6938;7014;7288;10603;14580|3015,2008|550,2008;1000,2009
1350142036328|0|1|35184372090288|Alexei|Efimkin|female|607651200000|1350142036328|31.10.97.194|Chrome|850|ru;en|Alexei35184372090288@hotmail.com|791;1401;2900;6648;10738|5988,2011|1026,2012;1082,2012;1068,2012;1102,2011
1350233486647|0|1|35184372088966|Daouda Malam|Diori|female|556588800000|1350233486647|41.190.230.117|Internet Explorer|1259|fr;ha;en|Daouda.Malam35184372088966@gmail.com;Daouda.Malam35184372088966@gmx.com;Daouda.Malam35184372088966@hotmail.com;Daouda.Malam35184372088966@zoho.com|1750|5236,2009|864,2011;865,2010
1350250397971|0|1|35184372090156|Rahul|Sharma|female|341798400000|1350250397971|101.0.40.93|Chrome|296|kn;gu;en|Rahul35184372090156@certifiedbitches.com;Rahul35184372090156@gmail.com|6;142;206;283;543;561;565;570;577;775;781;977;1021;1024;1153;1174;1176;1177;1180;1185;1190;1193;1198;1200;1532;1545;1667;1671;1952;1985;1986;1987;1988;1989;1993;2085;2097;2778;2779;2784;2785;2787;2792;2793;2796;2797;2800;2809;2847;2899;2913;2918;3066;3092;5147;6153;6365;6433;6438;7015;7509;7523;7524;7843;9144;9317;9326;9329;11258;11376;11541;11557;11622;13353|3013,1998|544,1999;548,1999;550,1999;553,2000;538,1999
1350276994373|0|1|35184372089842|Michael|Liu|male|582768000000|1350276994373|14.192.78.251|Internet Explorer|372|zh;en|Michael35184372089842@doglover.com;Michael35184372089842@gmail.com;Michael35184372089842@yahoo.com|6|2289,2006|912,2008;929,2006;916,2007;932,2006
1350294509711|0|1|35184372089048|Isabel|Garcia|female|421545600000|1350294509711|103.4.23.146|Firefox|801|en|Isabel35184372089048@gmx.com;Isabel35184372089048@yahoo.com;Isabel35184372089048@zoho.com|26|5522,2003|965,2004;955,2005;957,2004
1350384786975|0|1|35184372089496|Ajuma Nasenyana|Ngoche|male|616809600000|1350384786975|41.222.126.45|Internet Explorer|1195|en|Ajuma.Nasenyana35184372089496@gmail.com;Ajuma.Nasenyana35184372089496@gmx.com;Ajuma.Nasenyana35184372089496@yahoo.com|152;284;416;543;573;578;799;1023;1024;1184;1546;1863;1984;1985;1989;2057;2065;2073;2077;2780;2782;2785;2787;2814;2833;2837;2839;2842;2845;2847;2849;2858;2878;2896;2916;2943;2959;3052;3062;3066;5063;5449;5848;6667;6990;7300;7330;7380;7446;7522;7570;8614;9146;9170;9261;9676;9760;11136;11742;14974|4947,2007|722,2008;724,2007
1350430300509|0|1|35184372089585|Fernando|Gonzalez|male|480556800000|1350430300509|148.240.21.73|Internet Explorer|747|es;en|Fernando35184372089585@gmail.com|784;976;1154;1173;1175;1419;1995;2799;5152;6999;7586;9174|5042,2006|808,2007;779,2006;1004,2006
1350494651239|0|1|35184372089276|Bingbing|Zhao|female|592444800000|1350494651239|14.192.61.44|Firefox|333|zh;en|Bingbing35184372089276@boarderzone.com;Bingbing35184372089276@gmail.com;Bingbing35184372089276@hotmail.com;Bingbing35184372089276@yahoo.com|6;148;575;588;594;775;786;808;1170;1180;1186;1193;1206;1454;1758;1940;1988;1995;2044;2054;2068;2070;2794;2797;5176;5191;6409;6413;7015;7380;9036;9144;9150;9174;11379;11582;11742;12002;14124|2205,2010|915,2011;920,2010;937,2011;908,2011;399,2011
1350629347604|0|1|35184372089554|R.|Singh|female|474422400000|1350629347604|49.202.73.216|Internet Explorer|229|bn;gu;en|R.35184372089554@gmail.com;R.35184372089554@technologist.com;R.35184372089554@yahoo.com|0;779;2785;2803;2863;5762;8396|3017,2006|
1350631022135|0|1|35184372090224|Sanjay|Singh|male|344217600000|1350631022135|61.8.130.160|Chrome|200|or;kn;en|Sanjay35184372090224@gmail.com;Sanjay35184372090224@gmx.com;Sanjay35184372090224@yahoo.com|0;1761;2000;2004;2777;2788;2885;3085;5767;6413;11557|3007,2002|545,2004;546,2003;550,2003;554,2004;540,2004
1350728384157|0|1|35184372090411|Cesar|Magalona|male|461116800000|1350728384157|101.78.21.161|Firefox|806|en;tl|Cesar35184372090411@gmail.com;Cesar35184372090411@yahoo.com|101;297;776;1749;1764;2038;2040;2780;2789;2791;2859;2933;2951;3005;5063;5114;5132;5156;5176;6115;7005;7479;8385;9277;9580;10720|5523,2006|961,2008;959,2007
1350739339945|0|1|35184372089125|Alexander|Popov|male|497059200000|1350739339945|31.130.123.9|Chrome|865|ru;en|Alexander35184372089125@gmail.com;Alexander35184372089125@gmx.com;Alexander35184372089125@zoho.com|145;280;545;566;569;585;591;788;795;798;807;1176;1450;1679;1760;1985;1988;1989;1992;1996;1999;2003;2008;2026;2028;2067;2115;2782;2839;2844;2850;2930;3084;6173;6368;6413;6938;9097;9146;9238;9317;11698|5984,2003|1088,2005;1026,2004;1045,2004;1103,2003
1350758355796|0|1|35184372090043|Rahul|Singh|female|512438400000|1350758355796|49.156.111.104|Firefox|128|bn;ml;en|Rahul35184372090043@gmail.com;Rahul35184372090043@hotmail.com|0;1181;1984;3054;6451;10037||544,2008;548,2006;549,2004;539,2012
1350848453183|0|1|35184372089024|Rajiv|Reddy|male|384652800000|1350848453183|59.97.96.189|Internet Explorer|149|as;en|Rajiv35184372089024@gmail.com;Rajiv35184372089024@gmx.com;Rajiv35184372089024@hotmail.com|1;776;2908;7223;11745|3964,2002|546,2002;548,2002;549,2003;553,2003;542,2003
1350969961216|0|1|35184372089455|Allu|Rao|male|537926400000|1350969961216|49.50.120.96|Firefox|210|te;gu;en|Allu35184372089455@gmail.com;Allu35184372089455@gmx.com;Allu35184372089455@hotmail.com|339|3643,2009|538,2009;540,2010;543,2010
1351100093199|0|1|35184372090023|Walter|Becker|female|465091200000|1351100093199|46.17.105.21|Internet Explorer|632|de;en|Walter35184372090023@gmail.com;Walter35184372090023@yahoo.com|138;280;448;458;543;544;561;568;576;580;1021;1152;1174;1194;1200;1410;1532;1533;1546;1548;1670;1672;1681;1753;1759;1985;1990;1993;2002;2056;2777;2778;2780;2781;2783;2784;2790;2800;2811;2815;2832;2880;2894;2907;2935;2985;3008;5062;5109;5115;5119;5147;5152;5153;5164;5176;5183;5185;6962;6993;7517;7542;9209;9277;9477;12002|2827,2006|465,2007;485,2007;476,2006;446,2007
1351116005883|0|1|35184372089264|Hiroshi|Suzuki|male|407462400000|1351116005883|27.50.127.243|Safari|684|ja;en|Hiroshi35184372089264@gmail.com;Hiroshi35184372089264@zoho.com|1172;1179;9063;11531;11628|4747,2001|676,2003;682,2001;670,2003
1351147000972|0|1|35184372090468|Wei|Zhang|female|576288000000|1351147000972|1.0.50.201|Firefox|500|zh;en|Wei35184372090468@gmail.com;Wei35184372090468@gmx.com;Wei35184372090468@yahoo.com|1024;1411;2019;3012;5063;6413;7572|2207,2007|929,2008;393,2008;909,2007;910,2007
1351227408578|0|1|35184372090110|Andrei|Basov|male|410659200000|1351227408578|31.185.2.149|Firefox|866|ru;en|Andrei35184372090110@gmail.com;Andrei35184372090110@gmx.com;Andrei35184372090110@yahoo.com|1171;1749;1941;2011;2037;2102;2849|5984,2004|
1351262387672|0|1|35184372090454|Yang|Zhang|male|342576000000|1351262387672|1.10.5.168|Opera|351|zh;en|Yang35184372090454@gmail.com;Yang35184372090454@yahoo.com;Yang35184372090454@zoho.com|6;1190;1454;1545;2040;6358;7610;11537||915,2009;922,2007;925,2011
1351302887618|0|1|35184372089673|K.|Irani|female|538617600000|1351302887618|61.95.242.212|Chrome|126|kn;gu;en|K.35184372089673@yahoo.com|290;524;565;568;780;1021;1759;2008;2048;2781;2788;3078;4844;5085;11408;11531;11557;11642|3015,2009|546,2009;538,2011;554,2009
1351352403174|0|1|35184372089883|Hamid|Kamkar|female|442368000000|1351352403174|89.165.70.191|Firefox|1167|fa;ar;en|Hamid35184372089883@gmx.com|4844|4590,2006|590,2006
1351405238875|0|1|35184372089200|Barney|Yang|male|429062400000|1351405238875|49.218.213.32|Internet Explorer|1304|zh;en|Barney35184372089200@gmail.com;Barney35184372089200@gmx.com;Barney35184372089200@theblackmarket.com;Barney35184372089200@yahoo.com|298;575;780;782;785;1021;1023;1452;1680;1758;1761;1766;1862;1985;1987;1992;1997;1998;2011;2012;2015;2080;2120;2779;2780;2801;2851;2856;2893;2963;3033;3081;6360;6369;7507;7519;8979;10235;11743;11959|6435,2002|1001,2003;1002,2004;107,2003
1351437220519|0|1|35184372089382|George|Kiss|female|557539200000|1351437220519|82.144.189.139|Chrome|1150|hu;en|George35184372089382@gmail.com;George35184372089382@yahoo.com;George35184372089382@zoho.com|1929;2939;3004;3040;8284|2986,2008|535,2008;537,2010
1351518815316|0|1|35184372089872|Steve|Miller|male|453513600000|1351518815316|24.156.155.84|Safari|1020|en|Steve35184372089872@gmx.com;Steve35184372089872@yahoo.com;Steve35184372089872@zoho.com|6;138;206;285;295;416;776;782;792;1176;1179;1181;1188;1427;1669;1864;1940;1987;2003;2009;2014;2026;2037;2045;2052;2060;2065;2066;2067;2071;2072;2074;2081;2094;2120;2777;2783;2784;2794;2804;2806;2815;2826;2839;2841;2844;2858;2887;2902;2921;2933;2934;3009;3016;3058;3060;3093;3102;5084;5163;5196;5762;5871;6360;6368;6940;7380;7516;7534;7582;7705;8211;9170;10037;10436;10712;11328;11408;13032||232,2004;222,2008
1351554220382|0|1|35184372090470|Hermann|Schmidt|male|379728000000|1351554220382|31.220.17.230|Internet Explorer|623|de;en|Hermann35184372090470@gmail.com;Hermann35184372090470@gmx.com;Hermann35184372090470@yahoo.com|1410;6421|2834,2004|
1351577298785|0|1|35184372089175|Wei|Li|female|433382400000|1351577298785|1.10.9.186|Firefox|397|zh;en|Wei35184372089175@gmail.com;Wei35184372089175@gmx.com;Wei35184372089175@yahoo.com|6||914,2003;906,2001;907,2005;909,2002
1351587120448|0|1|35184372089593|Arjun|Sharma|female|428025600000|1351587120448|27.48.217.243|Chrome|115|te;mr;en|Arjun35184372089593@gmail.com;Arjun35184372089593@hotmail.com;Arjun35184372089593@yahoo.com|283;289;570;583;778;787;794;1180;1206;1505;1732;1863;1986;1993;2049;2116;2781;2783;2809;2813;2817;2836;2838;2843;2851;2865;2873;2911;2912;2975;3060;5118;5141;5546;7012;7014;7517;7549;8144;9272;10090||545,2008;550,2006;552,2008;540,2001
1351673083951|0|1|35184372090202|Baby|Li|male|415929600000|1351673083951|1.10.14.201|Firefox|494|zh;en|Baby35184372090202@gmx.com;Baby35184372090202@yahoo.com|779;1417;2839;2847|2205,2005|915,2007;934,2005;919,2006;922,2007
1351937025388|0|1|35184372088847|Ge|Wei|female|360115200000|1351937025388|1.88.156.174|Internet Explorer|426|zh;en|Ge35184372088847@gmail.com|6;148;149;575;578;584;775;777;781;782;808;973;974;1170;1173;1178;1180;1185;1193;1198;1202;1545;1667;1766;1940;1953;1992;1995;2030;2046;2048;2059;2070;2078;2089;2872;3045;3047;4847;5085;6945;6964;7509;9058;9063;9098;9174;9474;11247;11254;11408;11537;11622;11628;11695;11742;12002|2208,1999|
1351983741888|0|1|35184372089938|Henri|Adam|male|500688000000|1351983741888|31.204.82.208|Internet Explorer|1129|fr;ca;en|Henri35184372089938@gmx.com|567;572;788;1599;1770;2785;2893;2915;2929;6451;6456;6991;7564;11372||438,2012;426,2010;427,2010;428,2010;415,2009
1351999875404|0|1|35184372088853|Arbaaz|Ali|female|539913600000|1351999875404|115.186.113.189|Safari|779|ur;en|Arbaaz35184372088853@gmail.com;Arbaaz35184372088853@gmx.com;Arbaaz35184372088853@yahoo.com|3;1189;1676;2785;2806;2931;3072;3114;5736;5753;8143||889,2011
1352423896699|0|1|37383395345884|Anh|Ho|male|407462400000|1352423896699|1.54.20.179|Firefox|921|vi;zh;en|Anh37383395345884@gmail.com|138;141;294;565;566;569;578;590;778;795;977;1173;1181;1615;1678;1857;1985;1995;2034;2036;2065;2107;2777;2780;2790;2791;2795;2868;2871;2879;2925;2979;2997;3000;3024;3047;3056;3081;3094;5132;5152;5316;5810;5976;6367;6413;6451;6935;7509;7543;7960;8219;9040;9133;9144;9293;10924;10987;11698;13704|7909,2000|1557,2001;1559,2001;1560,2002;1561,2002
1352450047169|0|1|37383395345115|Albert Camille|Zubir|female|602208000000|1352450047169|41.217.198.125|Firefox|1200|fr;en|Albert.Camille37383395345115@gmail.com;Albert.Camille37383395345115@yahoo.com|976;1403;2000;2005;2023;2052;2837;3019;5085;6976;7522;7604|4991,2011|758,2011;767,2012
1352571941650|0|1|37383395345488|Charles|Tchami|male|608688000000|1352571941650|41.217.133.187|Chrome|1049|fr;en|Charles37383395345488@gmail.com|1611;2034|1981,2011|209,2011
1352583507176|0|1|37383395344644|Dieu Hoa|Nguyen|female|406080000000|1352583507176|103.2.229.77|Internet Explorer|949|vi;zh;en|Dieu.Hoa37383395344644@gmx.com|6;139;142;143;243;288;441;586;774;777;778;782;786;798;807;973;1023;1024;1170;1175;1186;1444;1676;1952;2012;2025;2027;2039;2049;2050;2061;2082;2093;2791;2801;2803;2814;2829;2838;2845;2894;2915;2921;2953;2978;3027;3044;3065;3066;3080;5115;5371;5428;5862;5948;6437;6940;6945;7380;7517;7572;7598;7771;8044;8452;9002;9063;9241;9731;10007;11904;12273;13905;14667||1558,2005
1352585691889|0|1|37383395344956|Takashi|Suzuki|female|544665600000|1352585691889|1.74.38.36|Chrome|706|ja;en|Takashi37383395344956@gmail.com;Takashi37383395344956@gmx.com|196;470;792;1177;1179;1198;1311;1863;1984;1986;1987;2004;2010;2025;2034;2069;2093;2784;2788;2827;2836;2869;2895;2964;2988;3041;3044;3066;3077;4848;5193;5436;5827;6528;6908;6938;6987;7014;7334;8277;9170;11375;13012|4750,2007|672,2008;674,2008;680,2007;668,2008
1352587327458|0|1|37383395345428|David|Gonzalez|female|621302400000|1352587327458|148.245.229.186|Firefox|730|es;en|David37383395345428@gmail.com;David37383395345428@hotmail.com|9;149;205;286;418;1929;1988;2800;2826;2860;2887;2917;2934;2944;3013;4849;5067;5133;5479;5729;6645;6945;7106;7507|5096,2008|785,2010;807,2010;793,2009;798,2009;799,2009
1352651810126|0|1|37383395346075|Andrey|Aab|male|342835200000|1352651810126|31.171.166.131|Internet Explorer|1181|kk;ru;en|Andrey37383395346075@gmail.com;Andrey37383395346075@gmx.com;Andrey37383395346075@hotmail.com|140;597;794;1658;1669;1984;2020;2085;2779;2782;2786;2840;2844;2877;5147;5652;6429;9889;15140|4946,2000|704,2002;701,2002
1352652840298|0|1|37383395345722|Zsolt|Toth|female|390096000000|1352652840298|88.87.228.173|Firefox|1152|hu;en|Zsolt37383395345722@yahoo.com|1196;2040;2066;4845;6945;7380;7509;10666;13746||536,2003;537,2000
1352756295614|0|1|37383395346059|C. S.|Babu|female|369100800000|1352756295614|1.186.44.122|Chrome|211|ta;bn;en|C.S.37383395346059@gmail.com;C.S.37383395346059@gmx.com|8;138;278;284;572;574;592;774;1145;1171;1189;1452;1667;1864;1989;1998;2006;2054;2096;2777;2780;2827;2833;2842;2845;2850;2868;2888;2922;2977;2999;3061;3070;3074;5156;5189;6369;6385;6951;7431;7522;7669;8205;9310;9589;9635;10433;10915;11410;11531;11541;11625;11695;13064;13483;14846||
1352767632100|0|1|37383395344558|Helen|Carr|male|504144000000|1352767632100|41.57.59.44|Chrome|1327|af;en|Helen37383395344558@gmail.com;Helen37383395344558@gmx.com;Helen37383395344558@yahoo.com|60;61;139;144;271;449;573;777;796;805;1022;1025;1201;1450;1546;1674;1680;1764;1769;1908;1953;1984;1994;2015;2069;2071;2108;2799;2832;2878;2890;2895;2915;2921;2936;2939;2986;3010;3044;5071;5191;5472;6409;6934;6990;8781;8867;9097;10867;10950;11408;11622;11944;14846;15162|6173,2003|1141,2005
1352817013031|0|1|37383395345458|Jun|Yang|female|534297600000|1352817013031|27.99.247.185|Chrome|501|zh;en|Jun37383395345458@winning.com|277;522;790;1173;1506;1760;1940;1996;2022;2063;2777;2782;2810;2819;2924;2963;3089;4847;5880;6394;9097;11189||930,2006;935,2007;923,2007;909,2006;925,2011
1352822734800|0|1|37383395344854|Fatmir|Mojsov|male|610243200000|1352822734800|195.26.130.156|Chrome|544|mk;en|Fatmir37383395344854@gmail.com|1403;1995;2085;2779;9299||1009,2007;1011,2010;1012,2009
1352997559889|0|1|37383395344857|David|Coetzee|female|545443200000|1352997559889|41.198.128.241|Firefox|1324|af;en|David37383395344857@gmail.com;David37383395344857@gmx.com;David37383395344857@yahoo.com|1551;2950;3101;5314;6397;6400;6928;6991;7516;7603;11577|6169,2005|1145,2006;1149,2005
1353083173134|0|1|37383395345821|Horst|Bauer|female|376531200000|1353083173134|53.96.187.150|Firefox|611|de;en|Horst37383395345821@gmail.com|280;285;287;288;544;576;592;783;1021;1023;1026;1028;1032;1154;1171;1174;1194;1410;1533;1670;1681;1749;1753;1985;1995;1996;2035;2036;2066;2777;2778;2780;2781;2784;2789;2790;2792;2797;2807;2815;2834;2839;2847;2853;2878;2884;2901;2904;2918;2919;2924;2967;2977;2981;3021;3088;5119;5183;5184;5820;6302;6394;6405;6556;6962;6981;7015;7509;7517;7526;7575;7603;9040;9069;9195;9329;9474;9477;11541;14293|2831,2000|471,2001
1353118715254|0|1|37383395346005|Abdul Haris|Balawan|female|365990400000|1353118715254|103.246.118.207|Chrome|645|nl;en|Abdul.Haris37383395346005@gmail.com|558|4517,2002|580,2003;556,2004
1353227390036|0|1|37383395345978|Peter|Price|female|336787200000|1353227390036|61.4.74.97|Firefox|1014|my;en|Peter37383395345978@gmail.com|1733|1957,1999|1120,2000;292,2001;1565,1999;1183,2000
1353290021017|0|1|37383395345000|Muhammad|Ali|female|572140800000|1353290021017|115.186.128.93|Internet Explorer|761|en;ur|Muhammad37383395345000@gmail.com;Muhammad37383395345000@gmx.com|1446|5267,2008|893,2009;894,2008
1353318026586|0|1|37383395344990|Roberto|Donati|male|575856000000|1353318026586|31.185.97.215|Firefox|1168|it;en|Roberto37383395344990@gmail.com|278;578;1186;1191;1614;1617;1857;1985;1991;2003;2038;2045;2785;2802;2838;2891;2906;2908;2920;5545;6789;7507;7545;8962;9209;11375;12345;13818|4670,2007|654,2009;655,2008
1353338661737|0|1|37383395346012|Hiroshi|Suzuki|male|555292800000|1353338661737|1.0.65.240|Internet Explorer|709|ja;en|Hiroshi37383395346012@gmail.com;Hiroshi37383395346012@gmx.com|125;778;1032;1173;1180;1533;1674;1985;1987;1989;1991;2006;2022;2033;2073;2777;2793;2805;2819;2823;2840;2857;2861;2869;2878;2891;2908;2923;2926;2931;2965;2993;3041;3066;3085;5061;5156;5829;6368;6409;6591;6981;7380;7522;7526;7776;8590;9076;10268;11242;15178|4747,2007|
1353462187120|0|1|37383395346004|Karan|Singh|female|470534400000|1353462187120|101.58.148.137|Firefox|303|or;hi;en|Karan37383395346004@gmail.com|2|3012,2006|541,2008;543,2007
1353477275166|0|1|37383395344488|Carlo|Aquino|male|543715200000|1353477275166|122.49.215.130|Firefox|797|en|Carlo37383395344488@gmail.com;Carlo37383395344488@gmx.com|140;458;1185;1189;1407;1533;1760;1863;1984;2008;2087;2098;2779;2781;2790;2797;2879;2885;2919;2927;5158;6360;6981;9040;9102;11742|5523,2009|961,2009
1353493418299|0|1|37383395345390|A. K.|Sharma|female|499824000000|1353493418299|61.12.51.122|Firefox|218|bn;mr;en|A.K.37383395345390@zoho.com|1;297;418;573;1025;1760;2000;2913;2989;5133|3012,2005|
1353530773416|0|1|37383395345940|Mostafa|Motamed|male|490406400000|1353530773416|77.237.93.136|Firefox|1158|fa;tr;en|Mostafa37383395345940@gmail.com;Mostafa37383395345940@gmx.com;Mostafa37383395345940@zoho.com|141;441;524;576;792;973;978;1620;1999;2002;2011;2824;2916;3051;3100;5085;5997;6733;6910;6993||589,2011;590,2006
1353550355482|0|1|37383395344459|Yasir|Hussain|male|387504000000|1353550355482|27.96.88.228|Firefox|771|en|Yasir37383395344459@gmail.com;Yasir37383395344459@gmx.com;Yasir37383395344459@zoho.com|148;280;458;568;570;585;589;785;792;978;1170;1171;1175;1191;1195;1450;1501;1532;1614;1669;1670;1682;1984;1985;1986;1990;1995;2004;2010;2054;2061;2067;2091;2095;2777;2780;2784;2790;2801;2808;2813;2823;2824;2846;2883;2891;2961;2983;3001;3002;3041;3060;3081;3104;4847;5115;5157;5170;5244;5887;5947;6368;6449;6451;7036;7179;7582;7823;9161;9614;9637;10572;10898;11644;11743;13594|5267,2002|
1353597991013|0|1|37383395344982|Anh|Ho|male|371779200000|1353597991013|120.72.84.21|Safari|927|vi;en|Anh37383395344982@gmail.com;Anh37383395344982@gmx.com|146;1023;1182;1421;1930;1997;2006;2055;2112;2785;2787;2817;2829;2851;2889;2961;3022;3036;5038;5116;5147;5539;5628;5817;5951;6088;6367;6384;6394;6663;6740;6878;6980;7313;7572;7585;7590;7943;8029;8219;9616;10187;10751;10836;11050;11358;11584;12820;12930;13051;13374;14421;15187||1558,2007
1353710871586|0|1|37383395345718|Wei|Liu|female|331171200000|1353710871586|1.70.203.123|Chrome|485|zh;en|Wei37383395345718@gmail.com;Wei37383395345718@gmx.com;Wei37383395345718@yahoo.com|139;278;290;294;581;782;792;1797;1984;2035;2106;2788;2826;2830;2863;2937;2961;3087;3091;5159;5162;5596;6645;6981;7032;7034;7259;8707;10165;11866;13307;15122|2208,1998|929,1999;914,2000;918,2000;935,1998;936,1999
1353723092017|0|1|37383395345889|Chen|Li|female|349142400000|1353723092017|14.192.63.162|Internet Explorer|474|zh;en|Chen37383395345889@gmx.com|138;565;793|2207,2002|928,2003;935,2002;921,2002;925,2002;910,2002
1353771105510|0|1|37383395345054|Marcelo|Silva|male|476323200000|1353771105510|187.49.251.61|Chrome|589|pt;en|Marcelo37383395345054@gmail.com;Marcelo37383395345054@yahoo.com|4845|1855,2007|144,2008;163,2008;183,2008
1353840349248|0|1|37383395344928|Jose|Cruz|female|608342400000|1353840349248|123.242.203.109|Chrome|815|en|Jose37383395344928@gmail.com|284;285;441;1761;2019;2069;2778;2787;2800;2804;2912;2921;2945;2982;2994;3006;3008;3018;3024;3039;5061;5116;5152;5428;5446;5780;5797;6187;6367;6481;6497;6513;6637;6674;6699;6737;6743;6980;7526;7547;7952;8811;9389;9613;9717;9800;9952;10162;10165;10398;10712;11164;11441;12671;13529;14068;15223;15290;15861|5596,2007|
1353895128045|0|1|37383395344946|Andre|Martens|male|498700800000|1353895128045|84.17.142.22|Firefox|1004|fr;nl;en|Andre37383395344946@gmail.com|597;778;1205;1498;1616;1763;1998;2058;2063;2091;2095;2832;2868;2970;2983;3045;5117;6413;6991;7520;8092;9170|1813,2003|113,2004;115,2004;119,2004
1354116403178|0|1|37383395345231|James|Jones|female|498355200000|1354116403178|31.210.25.85|Internet Explorer|1424|en|James37383395345231@gmail.com;James37383395345231@gmx.com|2799;2934;4845;7380|6668,2003|1392,2003
1354121629108|0|1|37383395345021|Agustiar|Anwar|male|612576000000|1354121629108|103.246.1.125|Internet Explorer|652|nl;en|Agustiar37383395345021@gmail.com;Agustiar37383395345021@gmx.com;Agustiar37383395345021@hotmail.com;Agustiar37383395345021@yahoo.com|6;140;141;143;578;594;783;1022;1026;1187;1207;1413;1670;1672;1764;1984;1985;1994;2020;2026;2050;2058;2069;2076;2778;2801;2803;2826;2830;2841;2879;2934;2971;3000;3030;3083;3102;4848;4849;5101;5196;5544;6136;6360;6363;6368;6369;6429;6674;6938;6962;6980;6991;7001;7005;7033;7330;7380;7516;7517;7526;7582;8537;8618;9058;9177;9261;9319;9457;9474;9477;12002;13821;14760;14822;14850;15614|4511,2011|584,2012;555,2012;587,2013;571,2013
1354136200894|0|1|37383395344446|Shlomo|Sabahat|male|349833600000|1354136200894|213.55.112.229|Firefox|1119|ar;en|Shlomo37383395344446@gmail.com|138;143;287;575;577;594;782;800;808;973;1176;1177;1403;1682;1749;1759;1909;1910;1911;1940;1986;1987;1995;2024;2025;2047;2057;2059;2067;2073;2075;2076;2077;2099;2778;2779;2780;2783;2789;2797;2799;2815;2851;2872;2928;3000;3028;3084;4847;5116;5174;5303;5639;6365;6438;6962;6999;7069;7596;7602;9098;9299;11577;13156||400,2008;399,2010
1354245634399|0|1|37383395344809|Lily Tembo|Kalaba|male|387849600000|1354245634399|41.222.18.119|Firefox|1449|ny;to;en|Lily.Tembo37383395344809@gmail.com;Lily.Tembo37383395344809@hotmail.com;Lily.Tembo37383395344809@yahoo.com|1401|7951,2002|1569,2002;1573,2003
1354514065447|0|1|37383395344684|Priyanka|Khan|female|416016000000|1354514065447|27.116.20.163|Firefox|241|mr;or;en|Priyanka37383395344684@gmail.com|143;472;1738;1930;2058;2785;2857;3091;3104;5147;5732;5841;6272;6449;6785;7488;10898||546,2001
1354583754004|0|1|37383395344801|Hao|Li|male|527212800000|1354583754004|1.4.39.159|Chrome|315|zh;en|Hao37383395344801@gmail.com;Hao37383395344801@gmx.com;Hao37383395344801@yahoo.com|269;1182;1444;1545;1616;2005;2861;2884;2950;6413;7347|2214,2006|921,2006;1273,2008
1354610941188|0|1|37383395344755|Ashok|Khan|male|404438400000|1354610941188|49.203.97.108|Chrome|119|mr;gu;en|Ashok37383395344755@gmx.com;Ashok37383395344755@yahoo.com|0;138;143;591;1202;1677;1679;1749;1987;2014;2023;2051;2069;2094;2777;2780;2784;2790;2804;2833;2836;2920;2930;2954;2966;2968;2983;3016;3023;3030;3065;5085;5132;5196;5809;6438;6933;6976;8381;9781;9852;13107|3010,2003|550,2004;540,2005
1354700501021|0|1|37383395345849|Zhi|Zhang|male|516153600000|1354700501021|27.131.222.10|Internet Explorer|493|zh;en|Zhi37383395345849@gmx.com|6;138;148;206;470;575;578;588;780;781;782;808;1178;1180;1184;1185;1187;1188;1190;1205;1454;1616;1667;1768;1940;1984;1987;2023;2031;2115;2789;2793;2846;2870;2991;3004;3019;5085;5158;5183;5191;5586;6409;6413;6449;6945;6954;7507;9058;9098;9174;9317;9479;11258;11582;11622;11695;11742;12002||935,2011
1354700928942|0|1|37383395345253|Chris|Budjana|female|400464000000|1354700928942|103.3.44.217|Firefox|647|en|Chris37383395345253@gmail.com;Chris37383395345253@gmx.com;Chris37383395345253@hotmail.com;Chris37383395345253@yahoo.com|139;565;567;1022;1375;1412;1547;1761;1863;1953;1992;2005;2010;2052;2117;2787;2795;2817;2824;2841;2907;2918;2974;3006;3042;3045;3055;3077;6539;6935;6962;6999;7253;7547;8066;9227;9968;11121;11507||
1354715229335|0|1|37383395345678|Arif|Gallagher|female|561254400000|1354715229335|49.50.8.147|Internet Explorer|659|nl;en|Arif37383395345678@alriyadh.cc;Arif37383395345678@gmx.com;Arif37383395345678@yahoo.com|277;1183;1524;2002;7385|4516,2009|558,2009
1354721199969|0|1|37383395345703|Jose|Aquino|female|335145600000|1354721199969|123.108.125.120|Chrome|809|en;tl|Jose37383395345703@europe.com;Jose37383395345703@gmail.com;Jose37383395345703@gmx.com;Jose37383395345703@hotmail.com;Jose37383395345703@zoho.com|1751;2790||966,2010;967,2009
1354734474771|0|1|37383395345082|Daniil|Basov|male|620784000000|1354734474771|31.220.188.168|Firefox|856|ru;en|Daniil37383395345082@geologist.com;Daniil37383395345082@gmx.com;Daniil37383395345082@yahoo.com|414;2779;5981|6033,2010|
1354748987730|0|1|37383395344736|Abhishek|Khan|male|464313600000|1354748987730|59.144.37.170|Internet Explorer|178|ta;as;en|Abhishek37383395344736@gmx.com|0;139;589;2865;2934;7934;10570|3009,2002|546,2003;547,2004;549,2003;904,2003;552,2003
1354751421777|0|1|37383395345330|Amit|Singh|male|525830400000|1354751421777|101.209.151.210|Firefox|139|te;ml;en|Amit37383395345330@gmail.com;Amit37383395345330@gmx.com;Amit37383395345330@yahoo.com|1805;1863;2116;2780;2792;2855;9058|3014,2006|551,2008;538,2007
1354797308226|0|1|37383395346002|Rajiv|Khan|male|506563200000|1354797308226|1.187.234.7|Chrome|309|gu;or;en|Rajiv37383395346002@gmail.com;Rajiv37383395346002@gmx.com;Rajiv37383395346002@hotmail.com|2;565;588;589;590;783;973;974;1024;1171;1177;1863;1953;1989;1998;2014;2017;2041;2061;2779;2812;2844;2846;2851;2856;2885;2888;2899;2914;2953;2971;2973;2989;3056;3091;3093;3098;5063;5085;5129;5191;6130;6449;6733;6789;6883;6894;6982;7031;7034;7288;7362;7507;7509;7598;9141;9174;9310;11007;11258;11463;11742;11920;12273;12968;14130;14949;15071|3008,2007|
1354836978647|0|1|37383395346032|Mike|Harris|female|570931200000|1354836978647|24.38.120.200|Internet Explorer|872|es;en|Mike37383395346032@gmail.com;Mike37383395346032@gmx.com;Mike37383395346032@yahoo.com|9;417;565;591;778;1941;2050;2054;2870;4844|6804,2006|1458,2007;1460,2006;1513,2006;1468,2006;1533,2007
1354846784917|0|1|37383395345877|Ning|Zhang|female|477273600000|1354846784917|1.8.28.90|Firefox|502|zh;en|Ning37383395345877@clerk.com;Ning37383395345877@gmail.com;Ning37383395345877@yahoo.com|243|2211,2007|926,2008
1354866521083|0|1|37383395345838|Ali|Abdeslam|female|612230400000|1354866521083|41.223.177.142|Safari|964|ar;fr;en|Ali37383395345838@gmail.com;Ali37383395345838@gmx.com;Ali37383395345838@zoho.com|273|1597,2011|7,2012;1448,2012;8,2012;10,2011
1355114222716|0|1|37383395345100|George Mamua|Callaghan|male|392428800000|1355114222716|202.52.133.32|Chrome|541|en|George.Mamua37383395345100@gmail.com;George.Mamua37383395345100@yahoo.com|545;565;2039;2097;2786;2815;2837;2922;2984;2985;3062;5129;6413;6959;8728;11375;11537|5494,2001|
1355168856738|0|1|37383395344581|Claudia|Baya|male|479433600000|1355168856738|192.68.138.33|Chrome|1401|ar;fr;en|Claudia37383395344581@gmx.com|1385|6538,2003|1321,2003;1325,2005
1355176336307|0|1|37383395345505|Federico|Parra|male|383184000000|1355176336307|190.13.151.97|Chrome|1058|es;de;en|Federico37383395345505@gmail.com;Federico37383395345505@yahoo.com|142;167;561;570;582;781;782;797;1025;1170;1180;1188;1669;1683;1749;1909;1990;1993;2043;2048;2063;2067;2107;2118;2119;2778;2781;2788;2794;2801;2803;2817;2824;2838;2877;2900;2995;2997;2999;3001;3033;3064;3070;3106;5174;5191;5951;5973;6429;6439;6931;6945;7281;7517;7523;7538;7564;7598;7610;9097;9161;9163;9244;9310;9317;9627;10107;10737;11644;12953;13818|2203,2002|259,2002;694,2004;253,2002
1355224403176|0|1|37383395344933|Bich Phuong|Ho|male|359942400000|1355224403176|103.3.248.121|Firefox|940|vi;en|Bich.Phuong37383395344933@gmail.com|8;140;588;775;782;1679;1972;1998;2003;2779;2876;2883;3049;3082;3098;3103;5085;5124;6817;7590;12296||1559,2008;1560,2009
1355317884668|0|1|37383395345495|Muhammad|Malik|female|502761600000|1355317884668|202.43.124.55|Firefox|765|en;ur|Muhammad37383395345495@gmail.com|776|5266,2005|896,2006;889,2006;890,2006;892,2006;894,2006
1355362484358|0|1|37383395345023|Jae-Jin|Han|male|589075200000|1355362484358|39.124.83.2|Firefox|1338|en|Jae-Jin37383395345023@gmail.com;Jae-Jin37383395345023@gmx.com;Jae-Jin37383395345023@zoho.com|279;281;1183;1930;1990;1991;2006;2019;2035;2041;2055;2071;2780;2783;2787;2791;2806;2856;2867;2887;2896;2901;2905;2914;2917;2927;2974;2980;2998;5074;5316;5363;5390;5438;5464;5534;5624;5676;5785;5872;6193;6227;6394;6395;6413;6866;6871;6872;7274;7338;7377;7393;7522;7591;7684;8095;8757;8840;9375;9558;10112;10530;10576;10712;11053;11412;12111;12499;13594;13660;13859;14243;14580|6201,2006|1176,2008;1178,2007;1180,2007
1355393559230|0|1|37383395344686|George|Constantinescu|male|577670400000|1355393559230|84.247.103.99|Firefox|1312|ro;hu;en|George37383395344686@gmail.com;George37383395344686@gmx.com;George37383395344686@jadida.cc;George37383395344686@yahoo.com|62;280;522;524;566;579;582;777;810;973;1022;1174;1615;1668;1669;1670;1671;1677;1749;1984;1997;2002;2068;2785;2789;2805;2816;2841;2843;2849;2850;2868;2921;2935;2983;2991;2993;3003;3009;3016;3049;3056;3099;3103;4849;5085;5156;5736;6385;6397;6704;6934;6962;7796;8417;8929;9174;9672;10300;11254;13313|5941,2007|1019,2008
1355396150177|0|1|37383395344770|Teresa|Wong|male|490924800000|1355396150177|103.1.64.196|Chrome|522|en;zh|Teresa37383395344770@hotmail.com|138;1026;1444;1682;1758;1940;1987;2018;2021;2801;2935;3029;3050;6418;6645;6990;7547;9170||530,2008;523,2009;526,2007
1355453797607|0|1|37383395345040|Jun|Zhao|female|379382400000|1355453797607|1.4.15.147|Firefox|488|zh;en|Jun37383395345040@gmail.com;Jun37383395345040@gmx.com;Jun37383395345040@zoho.com|1501||911,2007
1355553703752|0|1|37383395344603|Rudolf|Becker|male|387763200000|1355553703752|31.220.137.196|Chrome|624|de;en|Rudolf37383395344603@gmail.com;Rudolf37383395344603@gmx.com;Rudolf37383395344603@hotmail.com;Rudolf37383395344603@yahoo.com|9;145;416;448;458;468;561;574;578;778;793;807;1023;1154;1170;1193;1410;1759;1985;1987;1989;2049;2105;2781;2790;2794;2795;2808;2838;2859;2924;2925;2930;2942;2950;5062;5080;5183;7509;9146;10298|2832,2003|481,2004
1355555976850|0|1|37383395345734|Nikhil|Singh|female|582336000000|1355555976850|58.146.124.102|Chrome|240|kn;te;en|Nikhil37383395345734@gmail.com;Nikhil37383395345734@yahoo.com|206;567;569;795;797;1022;1179;1185;1940;1984;1985;1986;1988;1989;1992;2014;2020;2026;2044;2051;2082;2086;2103;2109;2798;4847;4849;6368;6945;7380;7514;9063;9097;9146;9177;9238;9317;9486;11408;11541;11622||547,2012;548,2010;549,2011;553,2012;538,2007
1355619405962|0|1|37383395345066|Vinod|Kumar|male|435542400000|1355619405962|14.102.113.71|Internet Explorer|259|gu;te;en|Vinod37383395345066@gmail.com|1390|3010,2003|539,2003
1355717164761|0|1|37383395344410|Rahul|Sharma|female|503280000000|1355717164761|49.50.77.195|Firefox|125|mr;kn;en|Rahul37383395344410@gmail.com;Rahul37383395344410@yahoo.com|1566|3008,2003|545,2004;546,2004;549,2004;542,2004
1355754239681|0|1|37383395345561|Alberto|Rodriguez|female|538531200000|1355754239681|190.25.117.132|Chrome|1069|es;en|Alberto37383395345561@yahoo.com|1154;1171;1410;2950;6406|2382,2005|288,2005;262,2005
1355775831153|0|1|37383395345529|Shweta|Singh|male|562464000000|1355775831153|103.1.199.165|Chrome|161|ml;hi;en|Shweta37383395345529@gmail.com;Shweta37383395345529@vitalogy.org;Shweta37383395345529@yahoo.com|1618;9580|3013,2005|547,2006;551,2006;552,2006;540,2006
1355780198129|0|1|37383395345167|Frederick|Bomani|male|574041600000|1355780198129|41.79.68.50|Internet Explorer|1379|en;ar|Frederick37383395345167@gmx.com;Frederick37383395345167@idunno4recipes.com;Frederick37383395345167@yahoo.com|1974|6476,2006|1297,2007;1300,2006
1355825819809|0|1|37383395345906|Takashi|Mori|female|472521600000|1355825819809|27.123.9.54|Opera|708|ja;en|Takashi37383395345906@gmail.com|1053;9477||672,2008;677,2007;665,2003
1355878574176|0|1|37383395344454|Fenglou|Yang|female|448329600000|1355878574176|27.54.224.14|Internet Explorer|378|zh;en|Fenglou37383395344454@gmail.com|6;140;416;458;568;2119;2793;2795;2807;2844;2973;2992;3019;5096;5851;14199|2205,2005|933,2006;938,2006;906,2006;925,2005
1355883140703|0|1|37383395345295|Arjun|Nair|female|560649600000|1355883140703|49.238.42.244|Internet Explorer|276|ta;as;en|Arjun37383395345295@gmail.com;Arjun37383395345295@yahoo.com;Arjun37383395345295@zoho.com|1;597;780;2080;2777;2783;2864;2866;2891;3088;6931;6945;7030;7380;10198;12785;13828||538,2009
1355886233785|0|1|37383395345797|Rahim|Ayar|female|589593600000|1355886233785|121.127.62.190|Firefox|952|uz;en|Rahim37383395345797@gmail.com;Rahim37383395345797@gmx.com|1501;6409|1581,2010|0,2010;1,2012;2,2010;6,2011
1355926073844|0|1|37383395344479|Jean|Alcazar|male|552528000000|1355926073844|80.246.0.21|Internet Explorer|968|ar;en|Jean37383395344479@blida.info;Jean37383395344479@gmail.com;Jean37383395344479@yahoo.com|418;576;787;1174;1755;1765;1990;2816;3001;5161;5191;6377;6413;6513;9170;9188;9277;9310;9486;11375;11385;12533|1600,2006|11,2008
1356155056713|0|1|37383395344626|R.|Chopra|female|324432000000|1356155056713|61.95.253.122|Firefox|154|or;ur;en|R.37383395344626@gmail.com|2|3008,2002|550,2003;553,2002
1356168551132|0|1|37383395345924|Jie|Li|male|352512000000|1356168551132|27.50.191.64|Chrome|448|zh;en|Jie37383395345924@gmail.com;Jie37383395345924@gmx.com;Jie37383395345924@hotmail.com;Jie37383395345924@yahoo.com|140;280;458;468;568;580;801;803;1026;1028;1175;1188;1545;1615;1617;1667;1670;1671;1672;1679;1759;1768;1985;1989;1994;2048;2049;2063;2080;2777;2784;2785;2790;2792;2793;2803;2808;2853;2863;2878;2925;2932;2935;2981;3054;4849;5079;5118;5128;5156;5183;5970;5978;7026;7137;7509;7519;7522;7524;9040;9174;9195;9209;10133;11406;12084|2209,2000|919,2000;924,2002
1356177299471|0|1|37383395344584|Rahul|Reddy|female|354412800000|1356177299471|27.50.4.18|Firefox|300|te;or;en|Rahul37383395344584@gmail.com;Rahul37383395344584@gmx.com;Rahul37383395344584@yahoo.com;Rahul37383395344584@zoho.com|0;2924;6813;12273||551,2010;541,2012
1356215322707|0|1|37383395344803|Fritz|Hoffmann|female|504316800000|1356215322707|31.47.237.79|Chrome|622|de;en|Fritz37383395344803@famous.as;Fritz37383395344803@gmail.com;Fritz37383395344803@gmx.com;Fritz37383395344803@zoho.com|239;2960|2829,2005|488,2006;478,2006
1356295682611|0|1|37383395345508|Aa Ngurah|Thielsch|male|544492800000|1356295682611|103.22.166.136|Firefox|656|jv;en|Aa.Ngurah37383395345508@gmail.com;Aa.Ngurah37383395345508@hotmail.com;Aa.Ngurah37383395345508@yahoo.com|139;572;1411;1444;1669;1749;1864;1988;1997;2064;2101;2787;2788;2836;2934;4847;6938;6968;9144;10222;11695|4519,2005|570,2007;587,2005
1356504305390|0|1|37383395345530|Ashok|Kumar|male|593481600000|1356504305390|59.98.213.34|Firefox|152|hi;or;en|Ashok37383395345530@gmail.com;Ashok37383395345530@gmx.com|142;544;578;594;595;807;1173;1180;1186;1377;1505;1749;1984;1990;2081;2808;2825;2831;2900;2932;2940;2980;3001;3004;3015;3020;3041;3101;4844;6345;6385;6559;6740;6989;7129;7493;7507;7545;8070;9005;9174;10975;11376;11698;13392;13633;13816;14846||551,2012;554,2009;538,2012;539,2009;542,2011
1356604629740|0|1|37383395345998|Hiroyuki|Sato|male|344908800000|1356604629740|14.101.89.197|Firefox|687|ja;en|Hiroyuki37383395345998@gmail.com;Hiroyuki37383395345998@yahoo.com|544;1403||679,2004;668,2003;670,2005
1356622130221|0|1|37383395344493|A.|Khan|female|618364800000|1356622130221|14.139.48.174|Internet Explorer|190|or;gu;en|A.37383395344493@gmail.com;A.37383395344493@gmx.com;A.37383395344493@yahoo.com|243;775;973;1022;1173;1954;1993;2008;2011;2072;2777;2800;2808;2818;2863;2867;5183;5494;5520;6354;6394;6855;6938;7602;11410|3007,2011|551,2011
1356629070623|0|1|37383395345685|Andrey|Aubakirov|male|509500800000|1356629070623|77.240.35.27|Internet Explorer|1178|ru;kk;en|Andrey37383395345685@gmail.com;Andrey37383395345685@gmx.com|138;469;774;1644;3030;3053;6360;10547|4946,2005|705,2005;709,2005;1110,2006;711,2005;714,2006
1356663558940|0|1|37383395345222|Anh|Pham|male|370569600000|1356663558940|119.17.229.134|Firefox|932|vi;zh;en|Anh37383395345222@execs.com;Anh37383395345222@hotmail.com|780;2073|7896,2001|1557,2003;1561,2003
1356724719952|0|1|37383395345752|Carlo|Rossi|female|550368000000|1356724719952|46.29.205.254|Chrome|1176|it;de;en|Carlo37383395345752@gmail.com;Carlo37383395345752@gmx.com|140;146;206;252;296;978;1021;1024;1029;1032;1190;1204;1410;1454;1675;1909;1986;2079;2086;2780;2787;2799;2829;2830;2910;2933;2983;2986;4847;5116;5724;6137;6303;6449;6981;6982;8317;9261;9574;10199;10975;11743;11875;12296;12444;14569|4670,2005|1065,2006;634,2006;620,2005;1293,2005
1356740790774|0|1|37383395344471|Deepak|Singh|male|326678400000|1356740790774|14.139.15.49|Opera|234|or;te;en|Deepak37383395344471@gmail.com;Deepak37383395344471@gmx.com|0;581;778;2790;2894;2932;6588;8913|3011,2002|544,2003;546,2003;549,2004;541,2003
1356778131888|0|1|37383395344593|Peng|Chen|female|558748800000|1356778131888|14.197.227.220|Firefox|475|zh;en|Peng37383395344593@gmail.com;Peng37383395344593@gmx.com;Peng37383395344593@hotmail.com|1;1172;1990;4920;5580;11372|2209,2007|910,2008
1356835720359|0|1|37383395345462|John|Rao|male|526780800000|1356835720359|61.95.158.217|Opera|257|bn;ml;en|John37383395345462@gmx.com;John37383395345462@hotmail.com|113||544,2005
1356851115959|0|1|37383395345162|Jean-Pierre|Kanam|female|499305600000|1356851115959|41.76.136.152|Internet Explorer|1095|fr;ln;en|Jean-Pierre37383395345162@yahoo.com|1732|2487,2006|323,2008;325,2007;318,2007
1356888826170|0|1|37383395345730|Ekaterina|Feltsman|female|610761600000|1356888826170|31.172.204.18|Chrome|835|ru;en|Ekaterina37383395345730@gmail.com;Ekaterina37383395345730@gmx.com;Ekaterina37383395345730@yahoo.com|61;7523|5984,2010|
1356924893063|0|1|37383395345107|Antonio|Cruz|male|374716800000|1356924893063|175.158.248.33|Internet Explorer|814|en;tl|Antonio37383395345107@gmail.com|18;458;6400;6581;6945;10910|5527,2000|
1356975013978|0|1|37383395345585|Amit|Rai|male|319161600000|1356975013978|61.0.119.44|Firefox|178|kn;ta;en|Amit37383395345585@gmail.com;Amit37383395345585@gmx.com;Amit37383395345585@yahoo.com;Amit37383395345585@zoho.com|2|3011,1999|
1356977982154|0|1|37383395344510|Natalia Barbu|Codreanu|male|497923200000|1356977982154|91.211.200.169|Internet Explorer|1217|ru;en|Natalia.Barbu37383395344510@gmail.com|284;786;973;1021;1164;1176;1198;1451;1514;1644;1759;1760;1987;1991;2002;2006;2008;2022;2032;2094;2778;2779;2781;2791;2807;2814;2830;2930;2981;2991;3021;3065;3106;3110;5070;6360;6410;6933;6940;7380;7530;8378;9261;9272;12946|5143,2006|809,2007;810,2007
